yrsurv,WEIGHT_L,WEIGHT_A,GEMHHINC,knowent,opport,suskill,fearfail,futsup,discent,busang,gender,age9c,hhsize,ushhinc,usreduc,ESTBBUSO,IPACTLD_ALL,Region,race,TEA,TEANEC,TEAOPP
2011,1.415335205,1.470729094,68100,0.0,-1.0,0.0,0.0,0.0,0.0,0.0,2,5.0,5.0,6,5,0,0,7,-2,0,0,0
2011,1.139625883,1.184228963,68100,0.0,0.0,1.0,1.0,0.0,0.0,0.0,1,4.0,5.0,6,3,1,0,7,-2,0,0,0
2011,1.654108245,1.718847318,33,0.0,0.0,0.0,0.0,0.0,0.0,0.0,1,2.0,2.0,1,3,0,0,7,-2,0,0,0
2011,1.244369692,1.293072272,3467,0.0,0.0,1.0,1.0,0.0,0.0,0.0,1,6.0,2.0,5,4,1,0,7,1,0,0,0
2011,,1.084279103,33,0.0,-1.0,0.0,1.0,0.0,0.0,0.0,2,7.0,1.0,1,3,0,0,7,1,0,0,0
2011,1.085299302,1.127776129,68100,1.0,0.0,1.0,1.0,-1.0,0.0,0.0,1,5.0,4.0,7,3,1,0,7,1,0,0,0
2011,,1.084279103,33,0.0,-1.0,0.0,1.0,0.0,0.0,0.0,2,7.0,4.0,3,3,0,0,7,1,0,0,0
2011,,1.549518811,3467,1.0,0.0,1.0,0.0,0.0,0.0,0.0,1,7.0,1.0,5,5,0,1,7,-2,0,0,0
2011,1.415335205,1.470729094,3467,1.0,0.0,1.0,0.0,0.0,0.0,1.0,2,5.0,3.0,5,6,0,0,7,-2,1,0,0
2011,1.085299302,1.127776129,-2,0.0,-1.0,0.0,0.0,0.0,0.0,0.0,1,5.0,4.0,-2,2,0,0,7,1,0,0,0
2011,3.012861331,3.130779761,-2,0.0,0.0,1.0,1.0,0.0,0.0,0.0,1,3.0,3.0,-2,5,0,0,7,-2,0,0,0
2011,1.085299302,1.127776129,-2,0.0,0.0,0.0,1.0,0.0,0.0,0.0,1,5.0,2.0,-2,3,0,0,7,-2,0,0,0
2011,1.244369692,1.293072272,33,0.0,0.0,1.0,1.0,0.0,0.0,0.0,1,6.0,1.0,3,5,0,0,7,1,0,0,0
2011,1.244369692,1.293072272,68100,0.0,1.0,1.0,1.0,1.0,0.0,0.0,1,6.0,2.0,7,5,0,0,7,-2,1,0,1
2011,1.085299302,1.127776129,33,0.0,0.0,0.0,1.0,0.0,0.0,0.0,1,5.0,1.0,2,3,0,0,7,1,0,0,0
2011,1.085299302,1.127776129,68100,0.0,-1.0,0.0,0.0,0.0,0.0,0.0,1,5.0,4.0,8,5,0,1,7,1,0,0,0
2011,1.139625883,1.184228963,3467,0.0,0.0,1.0,1.0,1.0,0.0,0.0,1,4.0,5.0,5,2,1,0,7,1,0,0,0
2011,,1.549518811,68100,1.0,1.0,1.0,0.0,-1.0,1.0,1.0,1,7.0,2.0,7,4,0,0,7,-2,0,0,0
2011,1.244369692,1.293072272,-2,0.0,0.0,0.0,1.0,0.0,0.0,0.0,1,6.0,3.0,-2,4,0,1,7,-2,0,0,0
2011,1.139625883,1.184228963,3467,0.0,1.0,1.0,0.0,0.0,0.0,0.0,1,4.0,5.0,5,2,1,0,7,1,0,0,0
2011,1.602253465,1.664963027,3467,0.0,0.0,0.0,0.0,0.0,0.0,0.0,2,3.0,4.0,5,3,0,0,7,-2,0,0,0
2011,1.654108245,1.718847318,68100,0.0,0.0,0.0,0.0,0.0,0.0,0.0,1,2.0,3.0,9,3,0,0,7,-2,0,0,0
2011,,1.084279103,33,0.0,0.0,1.0,0.0,0.0,0.0,0.0,2,7.0,1.0,1,3,0,0,7,1,0,0,0
2011,1.085299302,1.127776129,68100,1.0,-2.0,1.0,1.0,0.0,0.0,0.0,1,5.0,2.0,9,6,0,0,7,1,0,0,0
2011,1.139625883,1.184228963,-2,0.0,0.0,1.0,1.0,0.0,0.0,0.0,1,4.0,4.0,-2,4,1,1,7,-2,0,0,0
2011,1.085299302,1.127776129,68100,0.0,0.0,0.0,0.0,0.0,0.0,0.0,1,5.0,2.0,6,-1,0,0,7,-2,0,0,0
2011,1.415335205,1.470729094,3467,0.0,1.0,0.0,1.0,0.0,0.0,0.0,2,5.0,2.0,5,4,0,0,7,-2,0,0,0
2011,,1.084279103,33,0.0,1.0,1.0,0.0,0.0,0.0,0.0,2,7.0,2.0,2,2,0,0,7,1,0,0,0
2011,,1.084279103,33,0.0,0.0,0.0,0.0,0.0,0.0,0.0,2,7.0,1.0,1,3,0,0,7,1,0,0,0
2011,1.452047473,1.50887822,68100,0.0,1.0,1.0,0.0,0.0,0.0,0.0,2,6.0,2.0,7,3,0,0,7,-2,0,0,0
2011,,1.549518811,3467,0.0,0.0,1.0,0.0,0.0,0.0,0.0,1,7.0,2.0,4,3,1,0,7,-2,0,0,0
2011,2.320880871,2.411716326,33,0.0,0.0,0.0,0.0,0.0,0.0,0.0,2,2.0,1.0,1,2,0,0,7,-2,0,0,0
2011,1.601096584,1.663760867,3467,1.0,1.0,1.0,0.0,0.0,0.0,0.0,2,4.0,5.0,5,4,0,0,7,-2,0,0,0
2011,1.452047473,1.50887822,68100,0.0,1.0,1.0,0.0,0.0,0.0,0.0,2,6.0,2.0,7,6,1,0,7,-2,0,0,0
2011,1.602253465,1.664963027,3467,0.0,1.0,0.0,0.0,1.0,0.0,0.0,2,3.0,4.0,5,3,0,0,7,-2,0,0,0
2011,1.139625883,1.184228963,68100,0.0,0.0,1.0,1.0,1.0,0.0,0.0,1,4.0,6.0,6,2,0,0,7,-2,0,0,0
2011,1.085299302,1.127776129,3467,0.0,0.0,1.0,0.0,0.0,0.0,0.0,1,5.0,3.0,4,2,0,0,7,-2,0,0,0
2011,1.452047473,1.50887822,3467,0.0,0.0,0.0,0.0,0.0,0.0,0.0,2,6.0,1.0,5,6,0,0,7,2,0,0,0
2011,,1.084279103,33,0.0,1.0,0.0,1.0,0.0,0.0,0.0,2,7.0,1.0,3,-1,0,0,7,1,0,0,0
2011,1.452047473,1.50887822,33,0.0,-1.0,0.0,0.0,0.0,0.0,0.0,2,6.0,2.0,1,-1,0,0,7,-2,0,0,0
2011,1.244369692,1.293072272,3467,0.0,-1.0,1.0,0.0,0.0,1.0,0.0,1,6.0,2.0,5,4,0,0,7,-2,0,0,0
2011,1.085299302,1.127776129,68100,0.0,0.0,1.0,0.0,0.0,0.0,0.0,1,5.0,4.0,7,6,0,0,7,1,0,0,0
2011,1.602253465,1.664963027,68100,1.0,1.0,1.0,1.0,1.0,0.0,0.0,2,3.0,4.0,6,5,1,0,7,1,0,0,0
2011,,1.549518811,-2,0.0,1.0,1.0,-1.0,0.0,0.0,0.0,1,7.0,1.0,-2,-2,0,0,7,-2,0,0,0
2011,1.085299302,1.127776129,33,0.0,0.0,1.0,0.0,1.0,0.0,0.0,1,5.0,1.0,1,6,0,0,7,1,0,0,0
2011,1.415335205,1.470729094,68100,0.0,-1.0,1.0,0.0,0.0,0.0,0.0,2,5.0,2.0,6,-1,0,0,7,1,0,0,0
2011,1.602253465,1.664963027,68100,0.0,1.0,1.0,0.0,1.0,0.0,0.0,2,3.0,4.0,6,5,0,0,7,-2,1,0,1
2011,1.415335205,1.470729094,-2,0.0,-1.0,1.0,1.0,1.0,1.0,0.0,2,5.0,2.0,-2,5,0,0,7,1,0,0,0
2011,1.139625883,1.184228963,33,1.0,1.0,1.0,0.0,0.0,0.0,0.0,1,4.0,4.0,1,4,0,0,7,1,1,0,1
2011,1.244369692,1.293072272,68100,0.0,0.0,1.0,0.0,0.0,0.0,0.0,1,6.0,2.0,7,4,1,0,7,1,0,0,0
2011,,1.549518811,68100,1.0,1.0,1.0,0.0,1.0,0.0,0.0,1,7.0,1.0,9,6,0,1,7,-2,1,1,0
2011,1.085299302,1.127776129,3467,0.0,1.0,-1.0,0.0,1.0,0.0,0.0,1,5.0,3.0,5,4,0,0,7,1,1,0,0
2011,1.601096584,1.663760867,33,0.0,0.0,0.0,1.0,0.0,0.0,0.0,2,4.0,3.0,2,2,0,0,7,1,0,0,0
2011,1.654108245,1.718847318,68100,0.0,0.0,0.0,1.0,-1.0,0.0,0.0,1,2.0,4.0,6,2,0,0,7,-2,0,0,0
2011,1.085299302,1.127776129,68100,1.0,0.0,1.0,1.0,0.0,1.0,1.0,1,5.0,4.0,7,6,0,0,7,1,1,0,1
2011,1.654108245,1.718847318,3467,0.0,1.0,0.0,0.0,0.0,0.0,0.0,1,2.0,7.0,5,2,0,0,7,1,0,0,0
2011,1.244369692,1.293072272,68100,0.0,0.0,1.0,1.0,1.0,1.0,1.0,1,6.0,2.0,9,5,1,0,7,1,0,0,0
2011,,1.084279103,33,0.0,0.0,-1.0,0.0,0.0,-1.0,0.0,2,7.0,1.0,1,2,0,0,7,-2,0,0,0
2011,1.452047473,1.50887822,33,1.0,0.0,1.0,0.0,0.0,0.0,0.0,2,6.0,2.0,3,2,0,0,7,1,1,1,0
2011,1.139625883,1.184228963,3467,0.0,-1.0,-1.0,1.0,0.0,0.0,0.0,1,4.0,1.0,4,3,0,0,7,1,0,0,0
2011,1.244369692,1.293072272,68100,0.0,0.0,1.0,1.0,0.0,0.0,0.0,1,6.0,2.0,8,3,1,0,7,1,0,0,0
2011,1.601096584,1.663760867,68100,0.0,0.0,0.0,1.0,0.0,0.0,0.0,2,4.0,3.0,9,5,0,0,7,1,0,0,0
2011,,1.549518811,-2,0.0,-1.0,1.0,0.0,0.0,0.0,0.0,1,7.0,1.0,-2,-2,0,0,7,-2,0,0,0
2011,1.085299302,1.127776129,3467,1.0,1.0,1.0,0.0,1.0,0.0,0.0,1,5.0,1.0,5,5,0,1,7,1,0,0,0
2011,1.244369692,1.293072272,3467,0.0,0.0,0.0,1.0,0.0,0.0,0.0,1,6.0,2.0,4,3,0,0,7,1,0,0,0
2011,1.415335205,1.470729094,68100,0.0,0.0,1.0,0.0,0.0,0.0,0.0,2,5.0,4.0,6,4,1,0,7,1,0,0,0
2011,1.654108245,1.718847318,-2,0.0,1.0,0.0,1.0,0.0,0.0,0.0,1,2.0,1.0,-2,4,0,0,7,-2,0,0,0
2011,1.244369692,1.293072272,3467,0.0,0.0,0.0,1.0,0.0,0.0,0.0,1,6.0,2.0,5,5,0,0,7,1,0,0,0
2011,1.654108245,1.718847318,68100,0.0,0.0,0.0,1.0,0.0,0.0,0.0,1,2.0,5.0,7,3,0,0,7,1,0,0,0
2011,1.139625883,1.184228963,68100,0.0,1.0,1.0,0.0,0.0,0.0,0.0,1,4.0,1.0,6,5,0,0,7,1,0,0,0
2011,,1.084279103,68100,0.0,0.0,1.0,1.0,0.0,0.0,0.0,2,7.0,1.0,7,1,1,0,7,1,0,0,0
2011,2.320880871,2.411716326,33,0.0,1.0,0.0,0.0,0.0,0.0,0.0,2,2.0,4.0,2,4,0,0,7,-2,0,0,0
2011,,1.549518811,33,0.0,0.0,0.0,1.0,0.0,0.0,0.0,1,7.0,2.0,3,3,0,0,7,1,0,0,0
2011,1.415335205,1.470729094,33,0.0,0.0,1.0,0.0,0.0,0.0,0.0,2,5.0,1.0,2,2,0,0,7,2,0,0,0
2011,,1.084279103,33,0.0,0.0,1.0,0.0,0.0,0.0,0.0,2,7.0,1.0,2,3,0,0,7,1,0,0,0
2011,1.085299302,1.127776129,68100,0.0,0.0,0.0,1.0,0.0,0.0,0.0,1,5.0,2.0,6,4,0,0,7,1,0,0,0
2011,,1.084279103,33,0.0,0.0,0.0,0.0,0.0,0.0,0.0,2,7.0,1.0,1,3,0,0,7,1,0,0,0
2011,1.452047473,1.50887822,33,0.0,0.0,0.0,0.0,0.0,0.0,0.0,2,6.0,2.0,3,2,0,0,7,1,0,0,0
2011,2.320880871,2.411716326,68100,0.0,0.0,0.0,0.0,0.0,0.0,0.0,2,2.0,3.0,6,3,0,0,7,1,0,0,0
2011,1.139625883,1.184228963,33,1.0,0.0,1.0,1.0,0.0,0.0,0.0,1,4.0,4.0,2,5,1,0,7,4,0,0,0
2011,,1.549518811,68100,1.0,0.0,1.0,0.0,0.0,0.0,0.0,1,7.0,1.0,8,4,0,0,7,1,0,0,0
2011,1.085299302,1.127776129,68100,1.0,-1.0,1.0,-1.0,0.0,0.0,0.0,1,5.0,2.0,7,6,1,0,7,1,0,0,0
2011,,1.084279103,33,0.0,-1.0,0.0,1.0,0.0,0.0,0.0,2,7.0,1.0,2,3,0,0,7,4,0,0,0
2011,1.602253465,1.664963027,68100,0.0,0.0,1.0,1.0,0.0,0.0,0.0,2,3.0,4.0,7,6,0,0,7,1,0,0,0
2011,1.139625883,1.184228963,68100,0.0,1.0,1.0,0.0,0.0,0.0,0.0,1,4.0,6.0,9,5,1,0,7,1,0,0,0
2011,1.415335205,1.470729094,33,0.0,1.0,1.0,0.0,0.0,0.0,0.0,2,5.0,4.0,2,6,1,0,7,1,0,0,0
2011,1.085299302,1.127776129,68100,1.0,0.0,1.0,0.0,0.0,0.0,0.0,1,5.0,3.0,7,3,0,0,7,1,0,0,0
2011,1.139625883,1.184228963,68100,1.0,0.0,1.0,1.0,1.0,1.0,0.0,1,4.0,6.0,6,3,0,0,7,2,1,0,1
2011,1.244369692,1.293072272,68100,0.0,1.0,1.0,0.0,0.0,0.0,0.0,1,6.0,2.0,7,6,0,0,7,2,0,0,0
2011,3.012861331,3.130779761,33,0.0,0.0,1.0,0.0,0.0,0.0,0.0,1,3.0,6.0,2,4,0,1,7,4,0,0,0
2011,1.085299302,1.127776129,68100,1.0,-1.0,1.0,0.0,0.0,0.0,0.0,1,5.0,5.0,6,4,0,0,7,1,0,0,0
2011,,1.084279103,33,1.0,1.0,1.0,0.0,0.0,0.0,0.0,2,7.0,2.0,2,4,0,0,7,1,0,0,0
2011,1.139625883,1.184228963,3467,0.0,0.0,1.0,1.0,0.0,0.0,0.0,1,4.0,7.0,4,4,0,0,7,1,0,0,0
2011,1.602253465,1.664963027,3467,1.0,0.0,0.0,0.0,1.0,0.0,1.0,2,3.0,5.0,5,3,0,0,7,2,1,1,0
2011,1.139625883,1.184228963,68100,0.0,0.0,0.0,1.0,0.0,0.0,0.0,1,4.0,2.0,6,5,0,0,7,1,0,0,0
2011,,1.549518811,68100,0.0,0.0,0.0,0.0,0.0,0.0,0.0,1,7.0,2.0,7,5,0,0,7,1,0,0,0
2011,1.654108245,1.718847318,3467,0.0,1.0,1.0,0.0,0.0,0.0,0.0,1,2.0,3.0,5,3,0,0,7,2,1,0,1
2011,1.602253465,1.664963027,-2,0.0,0.0,0.0,0.0,0.0,0.0,0.0,2,3.0,2.0,-2,5,0,0,7,-2,0,0,0
2011,,1.549518811,-2,0.0,-1.0,1.0,0.0,0.0,0.0,0.0,1,7.0,2.0,-2,6,1,0,7,1,0,0,0
2011,1.415335205,1.470729094,3467,1.0,0.0,1.0,1.0,0.0,0.0,0.0,2,5.0,3.0,4,5,0,0,7,1,0,0,0
2011,1.139625883,1.184228963,68100,0.0,1.0,1.0,0.0,1.0,0.0,1.0,1,4.0,5.0,6,3,1,0,7,1,0,0,0
2011,1.601096584,1.663760867,-2,1.0,0.0,1.0,1.0,0.0,0.0,0.0,2,4.0,3.0,-1,4,0,0,7,1,0,0,0
2011,1.601096584,1.663760867,3467,0.0,0.0,1.0,1.0,0.0,1.0,0.0,2,4.0,2.0,5,4,0,0,7,1,1,0,1
2011,1.415335205,1.470729094,68100,0.0,0.0,1.0,1.0,0.0,0.0,0.0,2,5.0,3.0,6,5,0,0,7,1,0,0,0
2011,,1.084279103,68100,0.0,0.0,0.0,0.0,0.0,0.0,0.0,2,7.0,1.0,9,-1,0,0,7,1,0,0,0
2011,1.085299302,1.127776129,-2,0.0,1.0,0.0,1.0,0.0,0.0,0.0,1,5.0,2.0,-1,4,0,1,7,4,0,0,0
2011,,1.084279103,-2,0.0,1.0,1.0,-1.0,0.0,0.0,0.0,2,7.0,2.0,-2,1,0,0,7,1,0,0,0
2011,1.452047473,1.50887822,3467,0.0,0.0,1.0,0.0,0.0,0.0,1.0,2,6.0,2.0,4,1,0,0,7,1,0,0,0
2011,1.415335205,1.470729094,-2,0.0,1.0,1.0,0.0,0.0,0.0,0.0,2,5.0,2.0,-1,3,0,0,7,1,0,0,0
2011,,1.084279103,33,0.0,1.0,0.0,0.0,0.0,0.0,0.0,2,7.0,1.0,2,5,0,0,7,1,0,0,0
2011,,1.084279103,33,0.0,-1.0,1.0,0.0,0.0,0.0,0.0,2,7.0,2.0,3,5,0,0,7,1,0,0,0
2011,1.452047473,1.50887822,33,1.0,0.0,0.0,0.0,0.0,0.0,0.0,2,6.0,-2.0,2,3,0,0,7,-2,0,0,0
2011,1.139625883,1.184228963,33,1.0,-1.0,0.0,0.0,0.0,0.0,0.0,1,4.0,1.0,1,5,0,0,7,4,0,0,0
2011,1.244369692,1.293072272,68100,1.0,0.0,1.0,0.0,0.0,0.0,0.0,1,6.0,2.0,6,5,0,0,7,4,0,0,0
2011,3.012861331,3.130779761,3467,0.0,0.0,1.0,0.0,0.0,0.0,0.0,1,3.0,3.0,4,4,0,0,7,2,0,0,0
2011,1.415335205,1.470729094,68100,0.0,0.0,1.0,1.0,0.0,0.0,0.0,2,5.0,4.0,7,6,0,0,7,1,0,0,0
2011,1.085299302,1.127776129,-2,1.0,0.0,1.0,1.0,0.0,0.0,0.0,1,5.0,4.0,-2,-1,0,0,7,1,0,0,0
2011,,1.084279103,33,0.0,0.0,0.0,0.0,0.0,0.0,0.0,2,7.0,1.0,1,3,0,0,7,2,0,0,0
2011,1.085299302,1.127776129,33,0.0,1.0,1.0,0.0,1.0,0.0,1.0,1,5.0,3.0,3,4,0,0,7,2,1,0,0
2011,,1.549518811,3467,0.0,0.0,1.0,-1.0,1.0,0.0,0.0,1,7.0,3.0,5,6,0,0,7,-2,1,0,1
2011,1.244369692,1.293072272,-2,0.0,0.0,1.0,1.0,0.0,0.0,0.0,1,6.0,2.0,-1,3,0,0,7,1,0,0,0
2011,1.244369692,1.293072272,3467,0.0,-1.0,1.0,0.0,0.0,0.0,0.0,1,6.0,2.0,5,4,0,0,7,1,1,0,1
2011,1.452047473,1.50887822,3467,0.0,0.0,0.0,1.0,0.0,0.0,0.0,2,6.0,2.0,5,5,0,0,7,1,0,0,0
2011,1.601096584,1.663760867,-2,0.0,1.0,1.0,0.0,0.0,0.0,0.0,2,4.0,3.0,-1,4,0,0,7,1,0,0,0
2011,3.012861331,3.130779761,68100,1.0,-1.0,1.0,1.0,0.0,0.0,0.0,1,3.0,4.0,6,4,0,0,7,1,0,0,0
2011,,1.084279103,33,0.0,1.0,0.0,0.0,0.0,0.0,0.0,2,7.0,2.0,1,3,0,0,7,1,0,0,0
2011,1.654108245,1.718847318,3467,0.0,1.0,-1.0,0.0,0.0,0.0,0.0,1,2.0,5.0,4,4,0,0,7,1,0,0,0
2011,,1.084279103,33,0.0,0.0,0.0,1.0,0.0,0.0,0.0,2,7.0,1.0,1,3,0,0,7,1,0,0,0
2011,,1.084279103,-2,1.0,1.0,0.0,0.0,0.0,0.0,0.0,2,7.0,1.0,-1,4,0,0,7,1,0,0,0
2011,1.452047473,1.50887822,68100,0.0,0.0,1.0,0.0,0.0,0.0,0.0,2,6.0,2.0,6,5,0,0,7,1,0,0,0
2011,1.244369692,1.293072272,3467,0.0,0.0,1.0,0.0,0.0,0.0,0.0,1,6.0,2.0,4,5,1,0,7,1,0,0,0
2011,1.085299302,1.127776129,68100,0.0,0.0,1.0,-2.0,-1.0,0.0,0.0,1,5.0,3.0,7,5,0,0,7,1,0,0,0
2011,3.012861331,3.130779761,3467,0.0,-1.0,1.0,1.0,0.0,0.0,0.0,1,3.0,1.0,4,3,0,0,7,1,0,0,0
2011,3.012861331,3.130779761,3467,1.0,1.0,1.0,0.0,0.0,0.0,0.0,1,3.0,3.0,5,5,0,0,7,1,1,0,1
2011,1.244369692,1.293072272,68100,0.0,0.0,1.0,1.0,0.0,0.0,0.0,1,6.0,2.0,9,6,0,0,7,1,0,0,0
2011,,1.549518811,3467,0.0,1.0,0.0,1.0,0.0,0.0,0.0,1,7.0,2.0,4,4,0,0,7,2,0,0,0
2011,1.452047473,1.50887822,33,0.0,1.0,0.0,1.0,0.0,0.0,0.0,2,6.0,1.0,2,-1,0,0,7,1,0,0,0
2011,1.452047473,1.50887822,68100,0.0,0.0,0.0,1.0,0.0,0.0,0.0,2,6.0,2.0,6,3,0,0,7,1,0,0,0
2011,1.452047473,1.50887822,68100,0.0,0.0,1.0,0.0,0.0,0.0,0.0,2,6.0,4.0,7,6,1,0,7,1,0,0,0
2011,1.415335205,1.470729094,33,1.0,1.0,1.0,0.0,0.0,0.0,0.0,2,5.0,3.0,1,5,0,0,7,1,0,0,0
2011,2.320880871,2.411716326,68100,0.0,1.0,1.0,0.0,1.0,1.0,0.0,2,2.0,5.0,9,6,0,0,7,2,1,0,1
2011,1.415335205,1.470729094,68100,0.0,-1.0,0.0,1.0,0.0,0.0,0.0,2,5.0,5.0,9,5,1,0,7,1,0,0,0
2011,1.602253465,1.664963027,3467,0.0,0.0,0.0,1.0,0.0,0.0,0.0,2,3.0,3.0,5,3,0,0,7,1,0,0,0
2011,1.602253465,1.664963027,68100,1.0,-1.0,0.0,0.0,0.0,0.0,0.0,2,3.0,2.0,7,5,0,0,7,1,0,0,0
2011,,1.084279103,3467,0.0,0.0,1.0,0.0,0.0,0.0,0.0,2,7.0,3.0,5,4,1,0,7,1,0,0,0
2011,1.601096584,1.663760867,3467,0.0,0.0,1.0,0.0,1.0,0.0,0.0,2,4.0,2.0,4,5,0,0,7,2,0,0,0
2011,,1.084279103,3467,0.0,0.0,0.0,0.0,0.0,0.0,0.0,2,7.0,1.0,4,4,0,0,7,1,0,0,0
2011,3.012861331,3.130779761,33,1.0,0.0,1.0,0.0,0.0,0.0,0.0,1,3.0,2.0,1,2,0,0,7,1,0,0,0
2011,1.602253465,1.664963027,3467,1.0,0.0,1.0,-1.0,0.0,1.0,0.0,2,3.0,6.0,4,6,0,0,7,1,0,0,0
2011,1.601096584,1.663760867,3467,0.0,0.0,1.0,0.0,0.0,0.0,0.0,2,4.0,5.0,5,4,0,0,7,1,0,0,0
2011,1.654108245,1.718847318,-2,0.0,0.0,0.0,1.0,0.0,0.0,0.0,1,2.0,3.0,-1,4,0,0,7,1,0,0,0
2011,1.601096584,1.663760867,3467,0.0,1.0,0.0,0.0,0.0,0.0,0.0,2,4.0,5.0,4,5,0,0,7,1,0,0,0
2011,1.139625883,1.184228963,3467,1.0,-1.0,1.0,1.0,0.0,0.0,0.0,1,4.0,2.0,4,5,1,0,7,1,0,0,0
2011,1.601096584,1.663760867,3467,0.0,-1.0,0.0,1.0,0.0,0.0,0.0,2,4.0,2.0,5,6,0,0,7,1,0,0,0
2011,1.085299302,1.127776129,-2,0.0,1.0,0.0,0.0,0.0,0.0,0.0,1,5.0,1.0,-1,3,0,0,7,-2,0,0,0
2011,1.415335205,1.470729094,3467,0.0,1.0,0.0,0.0,1.0,0.0,0.0,2,5.0,8.0,5,3,0,0,7,1,0,0,0
2011,1.139625883,1.184228963,33,0.0,0.0,0.0,1.0,0.0,0.0,0.0,1,4.0,1.0,1,3,0,0,7,1,0,0,0
2011,1.452047473,1.50887822,-2,0.0,-1.0,0.0,0.0,0.0,0.0,0.0,2,6.0,2.0,-2,5,0,0,7,1,0,0,0
2011,1.654108245,1.718847318,3467,0.0,1.0,0.0,1.0,0.0,0.0,0.0,1,2.0,8.0,5,3,0,0,7,1,0,0,0
2011,1.452047473,1.50887822,3467,0.0,0.0,1.0,0.0,0.0,0.0,0.0,2,6.0,2.0,4,4,0,0,7,1,0,0,0
2011,1.602253465,1.664963027,33,0.0,0.0,0.0,0.0,0.0,0.0,0.0,2,3.0,3.0,1,3,0,0,7,2,0,0,0
2011,,1.084279103,68100,0.0,0.0,0.0,0.0,0.0,0.0,0.0,2,7.0,2.0,6,5,1,0,7,1,0,0,0
2011,1.602253465,1.664963027,33,1.0,0.0,1.0,0.0,0.0,0.0,1.0,2,3.0,5.0,3,6,0,0,7,2,0,0,0
2011,1.085299302,1.127776129,68100,0.0,1.0,0.0,0.0,0.0,0.0,0.0,1,5.0,2.0,9,5,0,1,7,1,0,0,0
2011,1.415335205,1.470729094,68100,0.0,0.0,1.0,0.0,0.0,0.0,0.0,2,5.0,2.0,6,-1,0,0,7,1,0,0,0
2011,1.654108245,1.718847318,3467,0.0,1.0,1.0,0.0,0.0,0.0,0.0,1,2.0,1.0,5,4,0,1,7,1,0,0,0
2011,1.601096584,1.663760867,3467,0.0,-1.0,0.0,1.0,0.0,0.0,0.0,2,4.0,10.0,5,2,1,0,7,1,0,0,0
2011,1.601096584,1.663760867,-2,1.0,-1.0,1.0,1.0,0.0,0.0,0.0,2,4.0,6.0,-2,3,1,0,7,1,0,0,0
2011,2.320880871,2.411716326,68100,0.0,-1.0,0.0,1.0,0.0,0.0,0.0,2,2.0,4.0,9,5,0,0,7,-2,0,0,0
2011,1.602253465,1.664963027,33,0.0,0.0,1.0,0.0,0.0,0.0,0.0,2,3.0,1.0,1,3,0,0,7,-2,0,0,0
2011,1.139625883,1.184228963,68100,0.0,0.0,1.0,0.0,0.0,0.0,0.0,1,4.0,5.0,6,4,0,0,7,1,0,0,0
2011,1.415335205,1.470729094,33,0.0,0.0,0.0,0.0,0.0,0.0,0.0,2,5.0,2.0,1,3,0,0,7,1,0,0,0
2011,1.601096584,1.663760867,68100,0.0,0.0,0.0,1.0,0.0,0.0,0.0,2,4.0,4.0,7,5,0,0,7,1,0,0,0
2011,2.320880871,2.411716326,68100,0.0,0.0,0.0,0.0,0.0,0.0,0.0,2,2.0,4.0,6,5,0,0,7,1,0,0,0
2011,2.320880871,2.411716326,33,0.0,0.0,0.0,0.0,0.0,0.0,0.0,2,2.0,5.0,1,3,0,0,7,1,0,0,0
2012,0.8150951672,0.8802960815,3467,0.0,0.0,1.0,0.0,0.0,0.0,0.0,1,6.0,2.0,5,3,0,0,7,-2,0,0,0
2012,1.302838914,1.40705532,68100,1.0,0.0,0.0,0.0,0.0,0.0,0.0,1,5.0,2.0,6,4,0,0,7,-2,0,0,0
2012,,0.3238336252,33,0.0,-1.0,0.0,0.0,0.0,0.0,0.0,2,7.0,1.0,2,4,0,0,7,-2,0,0,0
2012,1.231961316,1.330508096,68100,0.0,0.0,0.0,1.0,0.0,0.0,0.0,1,4.0,7.0,7,3,0,0,7,-2,0,0,0
2012,3.118113002,3.367536415,33,0.0,0.0,0.0,1.0,1.0,0.0,0.0,2,2.0,3.0,2,3,0,0,7,-2,0,0,0
2012,4.190919135,4.526158221,3467,1.0,1.0,0.0,1.0,0.0,0.0,0.0,1,3.0,1.0,4,3,0,0,7,-2,0,0,0
2012,,1.128792498,33,0.0,0.0,0.0,1.0,0.0,0.0,0.0,1,7.0,2.0,1,2,1,0,7,-2,0,0,0
2012,,0.5121275235,-2,0.0,1.0,0.0,0.0,0.0,0.0,0.0,2,7.0,2.0,-2,6,0,0,7,-2,0,0,0
2012,,0.4597826411,3467,1.0,0.0,1.0,0.0,0.0,0.0,0.0,2,7.0,2.0,4,6,0,0,7,-2,0,0,0
2012,7.505135278,8.105484416,33,1.0,1.0,1.0,0.0,1.0,0.0,0.0,1,2.0,6.0,3,3,0,0,7,-2,0,0,0
2012,1.88991562,2.041093336,68100,0.0,0.0,0.0,1.0,0.0,0.0,0.0,2,5.0,3.0,7,6,0,0,7,-2,1,0,1
2012,0.3430321279,0.3704718788,33,0.0,1.0,0.0,0.0,0.0,0.0,0.0,1,5.0,1.0,1,4,0,0,7,-2,0,0,0
2012,2.128851055,2.299141643,3467,0.0,1.0,1.0,0.0,0.0,0.0,0.0,1,5.0,2.0,4,3,0,0,7,-2,0,0,0
2012,,0.7787658135,3467,0.0,0.0,0.0,1.0,0.0,0.0,0.0,2,7.0,2.0,5,3,0,0,7,-2,0,0,0
2012,1.642447197,1.773829473,3467,0.0,0.0,1.0,1.0,0.0,0.0,0.0,1,4.0,1.0,5,4,0,0,7,-2,0,0,0
2012,0.9118669152,0.9848087739,-2,1.0,0.0,1.0,1.0,0.0,0.0,0.0,1,6.0,2.0,-2,4,0,0,7,-2,0,0,0
2012,0.3430321279,0.3704718788,68100,0.0,1.0,0.0,1.0,0.0,0.0,0.0,1,5.0,2.0,7,4,0,0,7,-2,0,0,0
2012,1.047326261,1.131103754,33,0.0,0.0,0.0,0.0,0.0,0.0,0.0,1,6.0,2.0,2,3,0,0,7,-2,0,0,0
2012,2.667229693,2.880586147,-2,0.0,-1.0,0.0,1.0,-1.0,0.0,0.0,2,3.0,1.0,-1,4,0,0,7,-2,0,0,0
2012,2.667229693,2.880586147,3467,0.0,0.0,1.0,0.0,0.0,0.0,0.0,2,3.0,3.0,5,3,0,0,7,-2,0,0,0
2012,,0.3238336252,-2,0.0,0.0,0.0,0.0,0.0,0.0,0.0,2,7.0,2.0,-2,-2,0,0,7,-2,0,0,0
2012,1.642447197,1.773829473,33,0.0,0.0,-1.0,1.0,0.0,0.0,0.0,1,4.0,4.0,3,4,0,0,7,-2,0,0,0
2012,3.633758128,3.924428913,33,0.0,1.0,0.0,1.0,0.0,0.0,0.0,1,2.0,1.0,1,2,0,0,7,-2,0,0,0
2012,1.348992575,1.456900893,68100,0.0,-1.0,1.0,0.0,0.0,0.0,0.0,2,5.0,4.0,8,4,0,0,7,-2,0,0,0
2012,,1.373605269,-2,0.0,0.0,0.0,-1.0,0.0,0.0,0.0,1,7.0,2.0,-1,2,0,0,7,-2,0,0,0
2012,1.642447197,1.773829473,68100,1.0,0.0,0.0,1.0,0.0,0.0,0.0,1,4.0,4.0,6,3,0,0,7,-2,0,0,0
2012,,0.3897160984,3467,1.0,1.0,1.0,0.0,0.0,0.0,0.0,1,7.0,1.0,5,1,0,0,7,-2,0,0,0
2012,2.891474251,3.122768427,68100,0.0,0.0,0.0,0.0,0.0,0.0,0.0,1,3.0,4.0,6,4,0,0,7,-2,0,0,0
2012,1.881766625,2.032292489,33,0.0,0.0,1.0,0.0,1.0,0.0,0.0,1,2.0,3.0,1,5,0,0,7,-2,0,0,0
2012,0.8150951672,0.8802960815,68100,0.0,-1.0,1.0,0.0,0.0,0.0,0.0,1,6.0,3.0,7,5,0,0,7,-2,0,0,0
2012,0.3430321279,0.3704718788,-2,0.0,0.0,0.0,1.0,0.0,0.0,0.0,1,5.0,-2.0,-2,-2,0,0,7,-2,0,0,0
2012,1.047555757,1.131351608,68100,1.0,0.0,1.0,0.0,1.0,0.0,0.0,2,6.0,3.0,6,4,0,0,7,-2,0,0,0
2012,1.503416857,1.623677849,68100,0.0,1.0,1.0,1.0,0.0,0.0,0.0,1,5.0,3.0,6,4,0,0,7,-2,0,0,0
2012,0.3430321279,0.3704718788,68100,1.0,1.0,1.0,0.0,0.0,0.0,0.0,1,5.0,2.0,6,3,1,0,7,-2,1,0,1
2012,,0.3897160984,68100,0.0,1.0,1.0,0.0,0.0,0.0,0.0,1,7.0,1.0,6,5,0,0,7,-2,0,0,0
2012,,1.128792498,33,0.0,0.0,1.0,0.0,0.0,0.0,0.0,1,7.0,3.0,2,2,0,0,7,-2,0,0,0
2012,1.047555757,1.131351608,33,0.0,0.0,0.0,0.0,0.0,0.0,0.0,2,6.0,5.0,1,3,0,0,7,-2,0,0,0
2012,,0.7787658135,33,0.0,-1.0,1.0,0.0,0.0,0.0,0.0,2,7.0,1.0,2,4,0,0,7,-2,0,0,0
2012,,0.7787658135,68100,0.0,1.0,0.0,0.0,0.0,0.0,0.0,2,7.0,2.0,6,4,1,0,7,-2,0,0,0
2012,1.047555757,1.131351608,3467,0.0,0.0,1.0,0.0,0.0,0.0,0.0,2,6.0,2.0,4,3,0,0,7,-2,0,0,0
2012,,0.5121275235,-2,1.0,1.0,1.0,0.0,-2.0,0.0,0.0,2,7.0,2.0,-2,2,0,0,7,-2,1,0,0
2012,,0.7787658135,33,0.0,0.0,0.0,0.0,0.0,0.0,0.0,2,7.0,3.0,3,1,0,0,7,-2,0,0,0
2012,,0.7787658135,-2,0.0,-1.0,0.0,1.0,0.0,0.0,0.0,2,7.0,1.0,-1,3,0,0,7,-2,0,0,0
2012,1.348992575,1.456900893,68100,0.0,-1.0,1.0,0.0,0.0,0.0,0.0,2,5.0,2.0,7,4,0,0,7,-2,1,0,1
2012,,0.7787658135,33,0.0,0.0,0.0,0.0,0.0,0.0,0.0,2,7.0,1.0,1,3,0,0,7,-2,0,0,0
2012,1.047555757,1.131351608,68100,0.0,0.0,0.0,0.0,0.0,0.0,0.0,2,6.0,1.0,6,4,0,0,7,-2,0,0,0
2012,1.88991562,2.041093336,33,0.0,-1.0,0.0,0.0,0.0,0.0,0.0,2,5.0,2.0,2,3,0,0,7,-2,0,0,0
2012,,0.3897160984,3467,0.0,1.0,0.0,0.0,0.0,0.0,0.0,1,7.0,2.0,5,3,0,0,7,-2,0,0,0
2012,,0.669142859,68100,0.0,1.0,0.0,0.0,0.0,1.0,0.0,1,7.0,2.0,9,6,0,0,7,-2,0,0,0
2012,0.7375534017,0.796551612,3467,0.0,-1.0,0.0,1.0,0.0,0.0,0.0,2,6.0,2.0,5,3,0,0,7,-2,0,0,0
2012,,0.5121275235,33,0.0,1.0,1.0,0.0,0.0,0.0,0.0,2,7.0,1.0,2,3,0,0,7,-2,0,0,0
2012,1.400386027,1.5124054,-2,0.0,0.0,0.0,0.0,0.0,0.0,0.0,2,6.0,2.0,-1,3,0,0,7,-2,0,0,0
2012,1.942977108,2.098399307,-2,0.0,0.0,0.0,1.0,0.0,0.0,0.0,1,2.0,6.0,-1,3,0,0,7,-2,0,0,0
2012,3.118113002,3.367536415,68100,0.0,0.0,0.0,0.0,0.0,0.0,0.0,2,2.0,4.0,6,2,0,0,7,-2,0,0,0
2012,2.667229693,2.880586147,33,0.0,1.0,1.0,0.0,0.0,0.0,0.0,2,3.0,3.0,1,4,0,0,7,-2,0,0,0
2012,,0.669142859,68100,0.0,0.0,1.0,0.0,0.0,0.0,0.0,1,7.0,2.0,6,3,0,0,7,-2,0,0,0
2012,1.302838914,1.40705532,68100,0.0,-1.0,1.0,0.0,0.0,0.0,0.0,1,5.0,2.0,6,6,0,0,7,-2,0,0,0
2012,0.9519247472,1.028070903,-2,0.0,0.0,-1.0,-1.0,0.0,0.0,0.0,2,4.0,4.0,-1,4,0,0,7,-2,0,0,0
2012,,0.4597826411,-2,1.0,1.0,0.0,1.0,0.0,0.0,0.0,2,7.0,2.0,-1,3,0,0,7,-2,0,0,0
2012,,1.128792498,33,1.0,0.0,0.0,0.0,0.0,1.0,0.0,1,7.0,1.0,3,6,0,0,7,-2,0,0,0
2012,1.047326261,1.131103754,33,0.0,0.0,0.0,0.0,0.0,0.0,0.0,1,6.0,1.0,3,4,0,0,7,-2,0,0,0
2012,,0.4597826411,33,0.0,-1.0,0.0,0.0,0.0,0.0,0.0,2,7.0,2.0,2,3,0,0,7,-2,0,0,0
2012,,1.128792498,3467,0.0,1.0,0.0,0.0,0.0,0.0,0.0,1,7.0,2.0,5,3,0,0,7,-2,0,0,0
2012,2.891474251,3.122768427,68100,1.0,0.0,0.0,1.0,0.0,0.0,0.0,1,3.0,3.0,6,5,0,0,7,-2,0,0,0
2012,2.196948046,2.372685833,68100,1.0,1.0,1.0,1.0,1.0,0.0,0.0,1,4.0,5.0,7,5,0,0,7,-2,1,0,1
2012,,0.3897160984,33,0.0,0.0,0.0,1.0,0.0,0.0,0.0,1,7.0,1.0,2,4,0,0,7,-2,0,0,0
2012,,0.3897160984,68100,0.0,1.0,1.0,0.0,0.0,0.0,0.0,1,7.0,1.0,7,4,0,0,7,-2,0,0,0
2012,,1.373605269,3467,0.0,1.0,0.0,0.0,0.0,0.0,0.0,1,7.0,1.0,4,2,0,0,7,-2,0,0,0
2012,1.400386027,1.5124054,-2,1.0,0.0,1.0,0.0,0.0,0.0,0.0,2,6.0,2.0,-2,3,0,0,7,-2,0,0,0
2012,,0.3238336252,-2,0.0,1.0,0.0,-1.0,0.0,0.0,0.0,2,7.0,1.0,-1,4,0,0,7,-2,0,0,0
2012,1.400386027,1.5124054,-2,1.0,0.0,1.0,1.0,0.0,0.0,0.0,2,6.0,2.0,-2,3,0,0,7,-2,1,1,0
2012,0.7375534017,0.796551612,3467,0.0,1.0,1.0,0.0,0.0,0.0,0.0,2,6.0,2.0,4,5,0,0,7,-2,0,0,0
2012,0.6665228371,0.719839186,3467,1.0,1.0,1.0,0.0,0.0,0.0,0.0,2,5.0,4.0,5,5,1,0,7,-2,0,0,0
2012,,0.4597826411,-2,0.0,0.0,0.0,-1.0,0.0,0.0,0.0,2,7.0,1.0,-1,1,0,0,7,-2,0,0,0
2012,,0.4597826411,68100,0.0,-1.0,0.0,0.0,0.0,0.0,0.0,2,7.0,2.0,6,5,0,0,7,-2,0,0,0
2012,,1.128792498,3467,0.0,1.0,1.0,1.0,0.0,0.0,0.0,1,7.0,1.0,4,4,0,0,7,-2,0,0,0
2012,1.88991562,2.041093336,33,0.0,0.0,0.0,0.0,0.0,0.0,0.0,2,5.0,3.0,1,1,0,0,7,-2,0,0,0
2012,0.9118669152,0.9848087739,3467,0.0,1.0,0.0,1.0,0.0,0.0,0.0,1,6.0,2.0,5,3,0,0,7,-2,0,0,0
2012,,0.7787658135,-2,0.0,1.0,0.0,0.0,0.0,0.0,0.0,2,7.0,2.0,-2,2,0,0,7,-2,0,0,0
2012,,1.128792498,68100,0.0,1.0,1.0,0.0,0.0,0.0,0.0,1,7.0,3.0,6,6,1,0,7,-2,0,0,0
2012,,0.3897160984,-2,1.0,0.0,0.0,0.0,0.0,0.0,0.0,1,7.0,1.0,-2,3,0,0,7,-2,0,0,0
2012,1.047326261,1.131103754,3467,0.0,-1.0,0.0,1.0,0.0,0.0,0.0,1,6.0,2.0,5,4,0,0,7,-2,0,0,0
2012,2.196948046,2.372685833,68100,0.0,0.0,1.0,0.0,0.0,0.0,0.0,1,4.0,6.0,7,5,0,0,7,-2,0,0,0
2012,,0.3238336252,3467,0.0,0.0,-1.0,0.0,0.0,0.0,0.0,2,7.0,3.0,5,2,0,0,7,-2,0,0,0
2012,1.047555757,1.131351608,3467,1.0,1.0,0.0,1.0,0.0,0.0,0.0,2,6.0,2.0,5,4,0,0,7,-2,0,0,0
2012,1.047555757,1.131351608,3467,0.0,1.0,0.0,0.0,0.0,0.0,0.0,2,6.0,3.0,5,6,0,0,7,-2,0,0,0
2012,,0.7787658135,33,0.0,0.0,0.0,1.0,0.0,0.0,0.0,2,7.0,1.0,2,3,0,0,7,-2,0,0,0
2012,,0.5121275235,33,0.0,1.0,0.0,1.0,0.0,0.0,0.0,2,7.0,1.0,2,4,0,0,7,-2,0,0,0
2012,1.503416857,1.623677849,68100,0.0,-1.0,1.0,-2.0,0.0,0.0,0.0,1,5.0,3.0,6,3,0,0,7,-2,0,0,0
2012,,0.7787658135,-2,0.0,1.0,0.0,0.0,0.0,0.0,0.0,2,7.0,2.0,-2,1,0,0,7,-2,0,0,0
2012,0.7375534017,0.796551612,3467,1.0,1.0,1.0,0.0,1.0,0.0,0.0,2,6.0,2.0,5,4,0,0,7,-2,1,0,0
2012,0.6665228371,0.719839186,3467,0.0,0.0,1.0,1.0,0.0,0.0,0.0,2,5.0,3.0,5,3,1,0,7,-2,0,0,0
2012,1.642447197,1.773829473,33,0.0,0.0,1.0,0.0,1.0,0.0,0.0,1,4.0,1.0,1,4,0,0,7,-2,1,1,0
2012,,0.3238336252,-2,0.0,0.0,0.0,-1.0,0.0,0.0,-1.0,2,7.0,1.0,-1,3,0,0,7,-2,0,0,0
2012,0.6665228371,0.719839186,-2,0.0,1.0,1.0,0.0,0.0,0.0,0.0,2,5.0,5.0,-2,4,0,0,7,-2,0,0,0
2012,0.7375534017,0.796551612,-2,0.0,0.0,0.0,1.0,0.0,0.0,0.0,2,6.0,2.0,-2,3,0,0,7,-2,0,0,0
2012,,0.7787658135,33,0.0,0.0,1.0,0.0,0.0,0.0,0.0,2,7.0,1.0,1,3,0,0,7,-2,0,0,0
2012,,0.4597826411,33,1.0,1.0,0.0,0.0,0.0,0.0,0.0,2,7.0,1.0,1,4,0,0,7,-2,0,0,0
2012,,0.4597826411,3467,0.0,-1.0,0.0,0.0,0.0,0.0,0.0,2,7.0,2.0,5,4,0,0,7,-2,0,0,0
2012,3.628471629,3.918719537,-2,0.0,-1.0,0.0,-1.0,0.0,0.0,0.0,2,4.0,4.0,-2,6,0,0,7,-2,0,0,0
2012,,0.4597826411,33,0.0,0.0,0.0,0.0,0.0,0.0,0.0,2,7.0,2.0,2,2,0,0,7,-2,0,0,0
2012,1.047555757,1.131351608,68100,0.0,0.0,0.0,-2.0,0.0,0.0,0.0,2,6.0,3.0,7,6,0,0,7,-2,0,0,0
2012,0.5696021899,0.6151656836,33,0.0,1.0,0.0,0.0,0.0,0.0,0.0,2,6.0,1.0,1,3,0,0,7,-2,0,0,0
2012,,1.128792498,33,0.0,0.0,1.0,0.0,0.0,0.0,0.0,1,7.0,2.0,3,5,0,0,7,-2,0,0,0
2012,1.231961316,1.330508096,68100,0.0,1.0,1.0,0.0,0.0,0.0,0.0,1,4.0,3.0,9,4,1,0,7,-2,1,0,1
2012,,0.7787658135,-2,0.0,0.0,1.0,0.0,0.0,0.0,0.0,2,7.0,1.0,-1,3,0,0,7,-2,0,0,0
2012,0.3430321279,0.3704718788,3467,1.0,0.0,0.0,1.0,0.0,0.0,0.0,1,5.0,2.0,4,5,0,0,7,-2,0,0,0
2012,,0.5121275235,33,0.0,1.0,0.0,0.0,0.0,0.0,0.0,2,7.0,1.0,3,3,0,0,7,-2,0,0,0
2012,1.047555757,1.131351608,-2,0.0,0.0,0.0,0.0,0.0,0.0,0.0,2,6.0,1.0,-2,4,0,0,7,-2,0,0,0
2012,2.128851055,2.299141643,68100,0.0,0.0,1.0,1.0,0.0,0.0,0.0,1,5.0,2.0,7,5,1,0,7,-2,0,0,0
2012,0.6665228371,0.719839186,3467,1.0,1.0,1.0,0.0,0.0,0.0,0.0,2,5.0,2.0,4,4,0,0,7,-2,1,1,0
2012,,0.5121275235,-2,0.0,0.0,0.0,0.0,0.0,0.0,0.0,2,7.0,2.0,-2,4,0,0,7,-2,0,0,0
2012,1.047326261,1.131103754,68100,1.0,0.0,1.0,1.0,1.0,0.0,1.0,1,6.0,2.0,9,3,0,0,7,-2,0,0,0
2012,,0.7787658135,-2,1.0,0.0,0.0,-1.0,0.0,0.0,0.0,2,7.0,2.0,-1,6,0,0,7,-2,0,0,0
2012,1.047555757,1.131351608,-2,0.0,1.0,0.0,1.0,0.0,0.0,0.0,2,6.0,2.0,-2,5,0,0,7,-2,0,0,0
2012,,0.4597826411,33,0.0,0.0,0.0,1.0,0.0,0.0,0.0,2,7.0,1.0,1,3,0,0,7,-2,0,0,0
2012,,0.3897160984,3467,1.0,1.0,0.0,0.0,0.0,0.0,0.0,1,7.0,2.0,5,6,0,0,7,-2,0,0,0
2012,1.047326261,1.131103754,68100,1.0,0.0,-1.0,0.0,0.0,0.0,0.0,1,6.0,2.0,6,4,1,0,7,-2,0,0,0
2012,,0.3238336252,33,0.0,0.0,0.0,1.0,0.0,0.0,0.0,2,7.0,1.0,2,5,0,0,7,-2,0,0,0
2012,0.5696021899,0.6151656836,68100,1.0,0.0,0.0,0.0,0.0,0.0,0.0,2,6.0,2.0,6,3,0,0,7,-2,0,0,0
2012,1.348992575,1.456900893,3467,0.0,0.0,1.0,0.0,0.0,0.0,0.0,2,5.0,2.0,5,4,0,0,7,-2,0,0,0
2012,2.128851055,2.299141643,3467,1.0,0.0,1.0,1.0,1.0,0.0,0.0,1,5.0,3.0,5,4,0,0,7,-2,1,1,0
2012,,0.4597826411,33,0.0,1.0,0.0,0.0,0.0,0.0,0.0,2,7.0,1.0,1,4,0,0,7,-2,0,0,0
2012,,0.7787658135,-2,0.0,0.0,1.0,0.0,0.0,0.0,0.0,2,7.0,2.0,-2,3,0,0,7,-2,0,0,0
2012,,0.3897160984,68100,0.0,1.0,1.0,0.0,1.0,0.0,0.0,1,7.0,2.0,8,5,1,0,7,-2,0,0,0
2012,9.406475508,10.15891624,3467,0.0,0.0,1.0,1.0,0.0,1.0,0.0,2,4.0,5.0,4,2,0,0,7,-2,0,0,0
2012,,0.4597826411,-2,0.0,1.0,-1.0,0.0,0.0,0.0,0.0,2,7.0,1.0,-1,4,0,0,7,-2,0,0,0
2012,,0.7787658135,-2,0.0,-1.0,0.0,-1.0,0.0,0.0,0.0,2,7.0,2.0,-1,2,0,0,7,-2,0,0,0
2012,1.302838914,1.40705532,3467,0.0,0.0,0.0,0.0,0.0,0.0,0.0,1,5.0,2.0,5,4,0,0,7,-2,0,0,0
2012,1.348992575,1.456900893,68100,0.0,0.0,1.0,0.0,1.0,0.0,0.0,2,5.0,2.0,6,5,0,0,7,-2,0,0,0
2012,,0.669142859,33,0.0,1.0,1.0,0.0,0.0,0.0,0.0,1,7.0,1.0,3,1,0,0,7,-2,0,0,0
2012,0.5696021899,0.6151656836,3467,0.0,0.0,0.0,1.0,0.0,0.0,0.0,2,6.0,3.0,5,-1,0,0,7,-2,0,0,0
2012,,0.5121275235,33,0.0,0.0,1.0,1.0,0.0,0.0,0.0,2,7.0,1.0,2,4,0,0,7,-2,0,0,0
2012,0.9118669152,0.9848087739,33,0.0,-1.0,0.0,-1.0,0.0,0.0,0.0,1,6.0,2.0,3,2,0,0,7,-2,0,0,0
2012,,0.5121275235,-2,0.0,0.0,1.0,0.0,0.0,0.0,0.0,2,7.0,1.0,-1,3,0,0,7,-2,0,0,0
2012,0.9118669152,0.9848087739,3467,0.0,0.0,0.0,-1.0,0.0,0.0,0.0,1,6.0,1.0,5,6,0,0,7,-2,0,0,0
2012,1.499000048,1.618907731,33,0.0,1.0,0.0,1.0,0.0,0.0,0.0,2,5.0,2.0,1,4,0,0,7,-2,0,0,0
2012,0.8150951672,0.8802960815,33,0.0,0.0,0.0,0.0,-1.0,0.0,0.0,1,6.0,3.0,3,5,0,0,7,-2,0,0,0
2012,,0.669142859,3467,0.0,0.0,1.0,1.0,0.0,0.0,0.0,1,7.0,4.0,4,5,0,0,7,-2,0,0,0
2012,,0.3238336252,33,0.0,0.0,0.0,1.0,0.0,0.0,0.0,2,7.0,3.0,3,3,0,0,7,-2,0,0,0
2012,0.3430321279,0.3704718788,3467,0.0,1.0,1.0,1.0,0.0,0.0,0.0,1,5.0,2.0,5,3,0,0,7,-2,0,0,0
2012,0.7375534017,0.796551612,3467,0.0,-1.0,1.0,0.0,0.0,0.0,0.0,2,6.0,1.0,4,4,0,0,7,-2,0,0,0
2012,,0.5121275235,33,0.0,1.0,0.0,-1.0,0.0,0.0,0.0,2,7.0,1.0,3,2,0,0,7,-2,0,0,0
2012,,0.3897160984,68100,1.0,0.0,1.0,0.0,0.0,0.0,0.0,1,7.0,1.0,8,4,0,0,7,-2,1,1,0
2012,,0.3897160984,3467,0.0,0.0,1.0,0.0,0.0,0.0,0.0,1,7.0,1.0,4,6,0,0,7,-2,0,0,0
2012,1.047326261,1.131103754,3467,0.0,1.0,1.0,0.0,0.0,0.0,0.0,1,6.0,2.0,5,3,0,0,7,-2,0,0,0
2012,1.047326261,1.131103754,3467,0.0,-1.0,0.0,1.0,0.0,0.0,0.0,1,6.0,2.0,5,3,0,0,7,-2,0,0,0
2012,,0.3238336252,33,0.0,-1.0,0.0,1.0,0.0,0.0,0.0,2,7.0,1.0,1,1,0,0,7,-2,0,0,0
2012,0.9118669152,0.9848087739,68100,1.0,0.0,1.0,1.0,0.0,0.0,1.0,1,6.0,2.0,6,3,0,0,7,-2,0,0,0
2012,0.3430321279,0.3704718788,33,0.0,0.0,1.0,0.0,0.0,0.0,0.0,1,5.0,1.0,2,4,0,0,7,-2,0,0,0
2012,2.234598174,2.413347662,3467,0.0,-1.0,0.0,0.0,0.0,0.0,0.0,1,6.0,2.0,4,4,1,0,7,-2,0,0,0
2012,,0.669142859,-2,0.0,1.0,1.0,0.0,0.0,0.0,0.0,1,7.0,2.0,-2,4,0,0,7,-2,0,0,0
2012,0.9519247472,1.028070903,3467,0.0,1.0,0.0,-1.0,0.0,0.0,0.0,2,4.0,5.0,5,3,0,0,7,-2,0,0,0
2012,0.8150951672,0.8802960815,68100,0.0,0.0,1.0,1.0,0.0,0.0,0.0,1,6.0,2.0,7,5,0,0,7,-2,0,0,0
2012,2.128851055,2.299141643,68100,0.0,0.0,1.0,0.0,0.0,0.0,0.0,1,5.0,5.0,7,6,0,0,7,-2,0,0,0
2012,1.348992575,1.456900893,33,0.0,1.0,0.0,0.0,0.0,0.0,0.0,2,5.0,2.0,3,4,0,0,7,-2,0,0,0
2012,1.920428366,2.074046851,3467,0.0,1.0,0.0,0.0,0.0,0.0,0.0,1,3.0,4.0,5,5,0,0,7,-2,0,0,0
2012,1.348992575,1.456900893,68100,1.0,1.0,1.0,0.0,1.0,1.0,0.0,2,5.0,4.0,7,5,0,0,7,-2,1,0,0
2012,1.302838914,1.40705532,3467,0.0,0.0,-1.0,-1.0,0.0,0.0,0.0,1,5.0,2.0,4,4,0,0,7,-2,0,0,0
2012,2.128851055,2.299141643,33,1.0,0.0,1.0,0.0,0.0,0.0,0.0,1,5.0,-2.0,2,2,1,0,7,-2,0,0,0
2012,1.499000048,1.618907731,68100,0.0,0.0,1.0,1.0,0.0,0.0,0.0,2,5.0,3.0,7,4,0,0,7,-2,0,0,0
2012,1.920428366,2.074046851,3467,0.0,-1.0,0.0,1.0,-1.0,0.0,0.0,1,3.0,7.0,4,3,0,0,7,-2,0,0,0
2012,1.499000048,1.618907731,3467,1.0,0.0,0.0,1.0,0.0,0.0,0.0,2,5.0,5.0,4,6,1,0,7,-2,0,0,0
2012,0.5696021899,0.6151656836,3467,1.0,1.0,1.0,0.0,0.0,0.0,1.0,2,6.0,2.0,4,3,0,0,7,-2,0,0,0
2012,1.047326261,1.131103754,-2,0.0,1.0,0.0,0.0,0.0,0.0,0.0,1,6.0,2.0,-2,6,0,0,7,-2,0,0,0
2012,2.891474251,3.122768427,3467,1.0,0.0,1.0,0.0,0.0,0.0,0.0,1,3.0,4.0,4,4,0,0,7,-2,0,0,0
2012,,0.3238336252,33,0.0,-1.0,0.0,1.0,0.0,0.0,0.0,2,7.0,1.0,1,2,0,0,7,-2,0,0,0
2012,,0.5121275235,33,0.0,1.0,0.0,0.0,0.0,0.0,0.0,2,7.0,2.0,1,2,0,0,7,-2,0,0,0
2012,0.5696021899,0.6151656836,33,0.0,-1.0,0.0,1.0,0.0,0.0,0.0,2,6.0,1.0,1,3,0,0,7,-2,0,0,0
2012,1.503416857,1.623677849,3467,0.0,-1.0,1.0,1.0,-1.0,0.0,0.0,1,5.0,6.0,4,3,0,0,7,-2,0,0,0
2012,0.9519247472,1.028070903,-2,0.0,0.0,1.0,1.0,1.0,0.0,0.0,2,4.0,5.0,-2,5,0,0,7,-2,0,0,0
2012,3.921460805,4.235145439,68100,0.0,0.0,0.0,1.0,0.0,0.0,0.0,1,4.0,4.0,6,4,0,0,7,-2,0,0,0
2012,1.348992575,1.456900893,-2,0.0,0.0,0.0,1.0,0.0,0.0,0.0,2,5.0,1.0,-2,2,0,0,7,-2,0,0,0
2012,0.9519247472,1.028070903,-2,0.0,-1.0,0.0,1.0,0.0,0.0,0.0,2,4.0,4.0,-2,5,0,0,7,-2,0,0,0
2012,1.642447197,1.773829473,3467,0.0,-1.0,-1.0,1.0,-1.0,0.0,0.0,1,4.0,3.0,4,2,0,0,7,-2,0,0,0
2012,0.3430321279,0.3704718788,68100,0.0,0.0,1.0,0.0,0.0,0.0,0.0,1,5.0,1.0,7,5,1,0,7,-2,0,0,0
2012,1.881766625,2.032292489,3467,0.0,1.0,1.0,0.0,0.0,0.0,0.0,1,2.0,6.0,5,3,0,0,7,-2,0,0,0
2013,0.8176383491,0.9028787287,68100,0.0,1.0,1.0,0.0,1.0,0.0,0.0,2,5.0,2.0,6,5,0,0,7,1,0,0,0
2013,0.6575049802,0.7260511462,33,0.0,-1.0,0.0,0.0,0.0,0.0,0.0,1,6.0,1.0,1,3,0,0,7,1,0,0,0
2013,1.057481483,1.167725974,3467,0.0,0.0,1.0,1.0,0.0,0.0,0.0,2,6.0,2.0,5,3,0,0,7,1,0,0,0
2013,0.9157129668,1.011177815,-2,0.0,-1.0,0.0,1.0,0.0,0.0,0.0,2,4.0,4.0,-2,4,0,0,7,1,0,0,0
2013,,0.5746370817,68100,0.0,1.0,1.0,0.0,0.0,0.0,0.0,1,7.0,2.0,6,6,1,0,7,1,0,0,0
2013,1.6915997,1.867952241,68100,0.0,0.0,1.0,1.0,0.0,0.0,0.0,1,6.0,2.0,6,2,0,0,7,1,0,0,0
2013,,2.610108747,33,0.0,-1.0,0.0,0.0,0.0,0.0,0.0,2,7.0,1.0,2,3,0,0,7,-2,0,0,0
2013,0.6058520853,0.6690133372,3467,0.0,-1.0,1.0,0.0,0.0,0.0,0.0,2,6.0,2.0,5,4,0,0,7,1,0,0,0
2013,0.8954259145,0.9887757982,33,1.0,-1.0,-1.0,0.0,1.0,0.0,0.0,1,5.0,2.0,2,8,0,0,7,-2,1,1,0
2013,0.8954259145,0.9887757982,68100,0.0,0.0,1.0,1.0,0.0,0.0,0.0,1,5.0,2.0,7,6,0,0,7,1,0,0,0
2013,,0.8809884373,-2,0.0,-1.0,0.0,0.0,0.0,0.0,0.0,2,7.0,1.0,-2,9,0,0,7,1,0,0,0
2013,4.230628636,4.671679855,68100,0.0,0.0,1.0,1.0,0.0,0.0,0.0,1,3.0,6.0,6,5,0,0,7,1,0,0,0
2013,0.6058520853,0.6690133372,3467,0.0,-1.0,1.0,0.0,0.0,0.0,0.0,2,6.0,2.0,5,6,0,0,7,1,0,0,0
2013,0.8176383491,0.9028787287,3467,0.0,1.0,1.0,0.0,0.0,0.0,0.0,2,5.0,3.0,5,4,1,0,7,1,0,0,0
2013,1.057481483,1.167725974,33,0.0,-1.0,0.0,0.0,0.0,0.0,0.0,2,6.0,1.0,1,3,0,0,7,1,0,0,0
2013,,0.9377714571,-2,0.0,0.0,0.0,0.0,0.0,0.0,0.0,2,7.0,1.0,-1,1,0,0,7,1,0,0,0
2013,0.7515334181,0.8298822307,3467,0.0,1.0,0.0,1.0,0.0,0.0,0.0,1,5.0,2.0,4,5,0,0,7,1,0,0,0
2013,,0.9377714571,68100,0.0,0.0,0.0,0.0,0.0,0.0,0.0,2,7.0,2.0,6,4,0,0,7,1,0,0,0
2013,,1.504103761,-2,0.0,0.0,0.0,0.0,0.0,0.0,0.0,2,7.0,1.0,-1,2,0,0,7,1,0,0,0
2013,,0.5746370817,-2,0.0,0.0,1.0,0.0,0.0,0.0,0.0,1,7.0,2.0,-2,4,0,0,7,1,0,0,0
2013,0.9896542883,1.092827662,68100,0.0,0.0,1.0,0.0,0.0,0.0,0.0,1,4.0,4.0,7,5,0,0,7,1,0,0,0
2013,,0.5746370817,33,0.0,-1.0,0.0,1.0,0.0,0.0,0.0,1,7.0,1.0,1,1,0,0,7,-2,0,0,0
2013,1.356514726,1.49793401,-2,1.0,0.0,1.0,0.0,0.0,0.0,0.0,2,4.0,-2.0,-2,4,0,0,7,1,0,0,0
2013,,0.8809884373,33,0.0,0.0,0.0,0.0,0.0,0.0,0.0,2,7.0,1.0,1,2,0,0,7,1,0,0,0
2013,1.191552647,1.315774316,33,0.0,1.0,1.0,0.0,0.0,0.0,0.0,2,5.0,1.0,1,3,0,0,7,2,0,0,0
2013,2.159848156,2.385016505,3467,0.0,1.0,1.0,0.0,0.0,0.0,0.0,2,3.0,1.0,4,6,0,0,7,2,0,0,0
2013,0.7445418156,0.8221617401,33,1.0,-1.0,1.0,0.0,0.0,0.0,0.0,2,6.0,1.0,1,3,0,0,7,1,0,0,0
2013,,0.9377714571,-2,0.0,0.0,1.0,0.0,0.0,0.0,0.0,2,7.0,2.0,-1,4,0,0,7,1,0,0,0
2013,,2.038898025,33,0.0,1.0,0.0,0.0,0.0,0.0,0.0,1,7.0,1.0,3,3,0,0,7,1,0,0,0
2013,0.6575049802,0.7260511462,33,0.0,1.0,0.0,0.0,0.0,0.0,0.0,1,6.0,1.0,2,5,0,0,7,1,0,0,0
2013,0.9583320739,1.058240046,-2,0.0,1.0,0.0,0.0,0.0,0.0,0.0,2,6.0,2.0,-1,2,0,0,7,1,0,0,0
2013,2.276492889,2.513821677,3467,0.0,-1.0,0.0,0.0,0.0,0.0,0.0,1,5.0,1.0,4,1,0,0,7,1,0,0,0
2013,1.6915997,1.867952241,68100,1.0,0.0,1.0,1.0,0.0,0.0,0.0,1,6.0,4.0,7,6,0,0,7,1,1,0,1
2013,1.6915997,1.867952241,3467,1.0,1.0,1.0,0.0,0.0,0.0,0.0,1,6.0,2.0,5,4,0,0,7,1,0,0,0
2013,2.763349327,3.05143384,3467,0.0,-1.0,1.0,1.0,0.0,0.0,0.0,1,4.0,4.0,5,3,0,0,7,-2,0,0,0
2013,0.3759618801,0.4151566334,68100,0.0,0.0,0.0,0.0,0.0,0.0,0.0,1,6.0,-1.0,6,2,0,0,7,1,0,0,0
2013,1.459435672,1.611584664,33,0.0,0.0,1.0,0.0,0.0,0.0,0.0,1,3.0,1.0,1,3,0,0,7,1,0,0,0
2013,0.8228182994,0.9085986988,68100,0.0,1.0,-2.0,0.0,0.0,0.0,0.0,1,6.0,2.0,6,5,0,0,7,1,0,0,0
2013,0.8228182994,0.9085986988,33,0.0,0.0,0.0,1.0,0.0,0.0,0.0,1,6.0,1.0,1,2,0,0,7,1,0,0,0
2013,0.3759618801,0.4151566334,3467,1.0,1.0,1.0,0.0,0.0,0.0,1.0,1,6.0,5.0,5,5,1,0,7,1,0,0,0
2013,,0.5746370817,3467,0.0,1.0,-1.0,0.0,0.0,0.0,0.0,1,7.0,2.0,5,6,0,0,7,4,0,0,0
2013,1.057481483,1.167725974,-2,0.0,-1.0,0.0,-1.0,0.0,0.0,0.0,2,6.0,2.0,-2,3,0,0,7,1,0,0,0
2013,,0.9377714571,33,0.0,0.0,1.0,0.0,0.0,0.0,0.0,2,7.0,1.0,1,3,0,0,7,1,0,0,0
2013,,1.726641592,3467,0.0,-2.0,0.0,0.0,0.0,0.0,0.0,1,7.0,2.0,4,2,0,0,7,1,0,0,0
2013,1.191552647,1.315774316,3467,0.0,0.0,0.0,1.0,1.0,0.0,0.0,2,5.0,1.0,5,4,0,0,7,1,0,0,0
2013,,0.9377714571,33,0.0,1.0,0.0,0.0,0.0,0.0,0.0,2,7.0,1.0,1,3,0,0,7,1,0,0,0
2013,0.3759618801,0.4151566334,3467,0.0,0.0,1.0,1.0,0.0,0.0,0.0,1,6.0,4.0,5,5,1,0,7,1,0,0,0
2013,0.6058520853,0.6690133372,33,0.0,-1.0,0.0,1.0,0.0,0.0,0.0,2,6.0,1.0,1,3,0,0,7,-2,0,0,0
2013,,2.038898025,68100,0.0,1.0,1.0,0.0,0.0,0.0,0.0,1,7.0,1.0,6,6,0,0,7,2,1,1,0
2013,0.8228182994,0.9085986988,3467,0.0,0.0,0.0,1.0,0.0,0.0,0.0,1,6.0,1.0,4,5,0,0,7,1,0,0,0
2013,0.8176383491,0.9028787287,3467,0.0,1.0,1.0,-1.0,0.0,0.0,0.0,2,5.0,3.0,5,3,0,0,7,1,0,0,0
2013,,0.8809884373,-2,0.0,1.0,0.0,0.0,0.0,0.0,0.0,2,7.0,1.0,-1,9,0,0,7,1,0,0,0
2013,,1.504103761,33,0.0,1.0,1.0,0.0,0.0,0.0,0.0,2,7.0,1.0,1,2,0,0,7,-2,0,0,0
2013,1.6915997,1.867952241,68100,0.0,0.0,1.0,1.0,0.0,0.0,0.0,1,6.0,2.0,6,4,1,0,7,1,0,0,0
2013,,1.726641592,68100,0.0,-1.0,1.0,0.0,0.0,0.0,0.0,1,7.0,2.0,7,4,1,0,7,1,0,0,0
2013,,0.9377714571,-2,0.0,1.0,0.0,0.0,0.0,0.0,0.0,2,7.0,2.0,-2,5,0,0,7,1,0,0,0
2013,1.191552647,1.315774316,-2,0.0,0.0,1.0,0.0,0.0,1.0,0.0,2,5.0,4.0,-2,6,0,0,7,1,0,0,0
2013,,0.8809884373,33,0.0,0.0,0.0,0.0,0.0,0.0,0.0,2,7.0,1.0,2,4,0,0,7,1,0,0,0
2013,1.13490245,1.253218226,68100,0.0,0.0,0.0,1.0,0.0,0.0,0.0,2,5.0,5.0,7,6,0,0,7,1,0,0,0
2013,1.057481483,1.167725974,-2,0.0,1.0,1.0,0.0,0.0,0.0,0.0,2,6.0,1.0,-2,4,0,0,7,1,0,0,0
2013,,0.9377714571,3467,0.0,0.0,0.0,1.0,0.0,0.0,0.0,2,7.0,2.0,4,2,0,0,7,1,0,0,0
2013,,0.5746370817,33,0.0,1.0,1.0,-1.0,0.0,0.0,0.0,1,7.0,1.0,3,4,0,0,7,1,0,0,0
2013,2.763349327,3.05143384,3467,0.0,0.0,1.0,0.0,0.0,0.0,0.0,1,4.0,-1.0,4,3,0,0,7,2,0,0,0
2013,0.6575049802,0.7260511462,3467,0.0,1.0,1.0,1.0,0.0,0.0,0.0,1,6.0,3.0,5,5,0,0,7,1,0,0,0
2013,0.7445418156,0.8221617401,33,0.0,1.0,0.0,0.0,0.0,0.0,0.0,2,6.0,2.0,2,4,0,0,7,1,0,0,0
2013,0.7445418156,0.8221617401,68100,0.0,-1.0,0.0,0.0,0.0,0.0,0.0,2,6.0,2.0,6,3,0,0,7,1,0,0,0
2013,0.8176383491,0.9028787287,33,0.0,0.0,1.0,1.0,0.0,0.0,0.0,2,5.0,2.0,1,1,0,0,7,1,0,0,0
2013,1.057481483,1.167725974,33,0.0,0.0,1.0,0.0,0.0,0.0,0.0,2,6.0,2.0,2,3,1,0,7,1,0,0,0
2013,0.7445418156,0.8221617401,33,0.0,0.0,1.0,0.0,0.0,0.0,0.0,2,6.0,-2.0,2,6,1,0,7,1,0,0,0
2013,1.191552647,1.315774316,3467,0.0,1.0,1.0,0.0,1.0,0.0,0.0,2,5.0,3.0,5,3,0,0,7,2,0,0,0
2013,,2.038898025,3467,0.0,0.0,1.0,1.0,0.0,0.0,0.0,1,7.0,2.0,4,4,1,0,7,1,0,0,0
2013,,2.038898025,-2,0.0,1.0,-1.0,-1.0,0.0,1.0,0.0,1,7.0,2.0,-2,6,0,0,7,1,0,0,0
2013,0.6058520853,0.6690133372,-2,0.0,0.0,0.0,0.0,0.0,0.0,0.0,2,6.0,2.0,-2,9,0,0,7,1,0,0,0
2013,1.938624673,2.140730045,68100,1.0,1.0,1.0,0.0,1.0,0.0,1.0,1,3.0,5.0,9,2,1,0,7,1,0,0,0
2013,,0.9377714571,-2,0.0,1.0,0.0,0.0,0.0,0.0,0.0,2,7.0,1.0,-2,2,0,0,7,1,0,0,0
2013,,0.9377714571,33,0.0,0.0,0.0,-1.0,0.0,0.0,0.0,2,7.0,1.0,1,8,0,0,7,1,0,0,0
2013,,0.9377714571,68100,1.0,1.0,0.0,-1.0,0.0,0.0,1.0,2,7.0,1.0,6,3,0,0,7,1,0,0,0
2013,,0.8809884373,3467,0.0,1.0,0.0,-1.0,0.0,0.0,0.0,2,7.0,2.0,4,3,0,0,7,1,0,0,0
2013,1.13490245,1.253218226,-2,0.0,-1.0,0.0,0.0,1.0,0.0,0.0,2,5.0,3.0,-1,5,0,0,7,1,0,0,0
2013,0.6058520853,0.6690133372,33,0.0,-1.0,0.0,1.0,0.0,0.0,0.0,2,6.0,1.0,2,3,0,0,7,1,0,0,0
2013,,0.9377714571,33,0.0,1.0,0.0,0.0,0.0,0.0,0.0,2,7.0,1.0,1,2,0,0,7,1,0,0,0
2013,2.159848156,2.385016505,3467,0.0,-1.0,1.0,0.0,1.0,0.0,0.0,2,3.0,4.0,4,3,0,0,7,1,0,0,0
2013,1.459435672,1.611584664,3467,0.0,0.0,0.0,0.0,0.0,0.0,0.0,1,3.0,2.0,5,3,0,0,7,2,0,0,0
2013,1.652956812,1.825280758,33,0.0,1.0,1.0,1.0,0.0,0.0,0.0,2,2.0,4.0,2,2,0,0,7,1,0,0,0
2013,0.9896542883,1.092827662,68100,0.0,1.0,1.0,0.0,0.0,0.0,0.0,1,4.0,1.0,6,6,0,0,7,1,0,0,0
2013,1.191552647,1.315774316,-2,0.0,-1.0,0.0,1.0,0.0,0.0,0.0,2,5.0,4.0,-2,3,1,0,7,1,0,0,0
2013,0.6575049802,0.7260511462,33,0.0,1.0,0.0,0.0,0.0,0.0,0.0,1,6.0,1.0,2,1,0,0,7,1,0,0,0
2013,0.7392548043,0.8163235477,68100,0.0,1.0,1.0,1.0,0.0,0.0,0.0,1,4.0,5.0,8,5,0,0,7,1,0,0,0
2013,1.459435672,1.611584664,33,0.0,1.0,1.0,0.0,0.0,0.0,0.0,1,3.0,4.0,2,8,0,0,7,-2,0,0,0
2013,2.525415802,2.788695284,33,0.0,0.0,0.0,0.0,0.0,0.0,0.0,1,2.0,3.0,1,2,0,0,7,1,0,0,0
2013,1.356514726,1.49793401,3467,0.0,1.0,1.0,1.0,0.0,0.0,0.0,2,4.0,4.0,4,2,0,0,7,2,1,0,1
2013,0.6058520853,0.6690133372,68100,1.0,1.0,0.0,0.0,0.0,0.0,0.0,2,6.0,2.0,6,3,0,0,7,1,0,0,0
2013,1.057481483,1.167725974,33,0.0,0.0,1.0,0.0,0.0,0.0,0.0,2,6.0,1.0,1,3,0,0,7,1,0,0,0
2013,,0.5746370817,3467,0.0,0.0,1.0,0.0,0.0,0.0,0.0,1,7.0,2.0,4,3,1,0,7,1,0,0,0
2013,0.3759618801,0.4151566334,68100,0.0,-1.0,1.0,1.0,0.0,0.0,0.0,1,6.0,2.0,6,5,0,0,7,1,0,0,0
2013,0.6058520853,0.6690133372,3467,0.0,0.0,0.0,0.0,0.0,0.0,0.0,2,6.0,2.0,4,3,0,0,7,1,0,0,0
2013,1.243268531,1.37288168,33,0.0,0.0,0.0,0.0,0.0,0.0,0.0,2,2.0,2.0,1,8,0,0,7,1,0,0,0
2013,0.9896542883,1.092827662,33,0.0,0.0,1.0,0.0,0.0,0.0,0.0,1,4.0,6.0,1,4,1,0,7,1,0,0,0
2013,0.8954259145,0.9887757982,3467,0.0,0.0,0.0,1.0,0.0,0.0,0.0,1,5.0,2.0,5,3,0,0,7,1,0,0,0
2013,,0.5746370817,3467,0.0,1.0,0.0,0.0,0.0,0.0,0.0,1,7.0,1.0,4,3,0,0,7,1,0,0,0
2013,2.525415802,2.788695284,33,0.0,0.0,1.0,0.0,0.0,0.0,0.0,1,2.0,1.0,3,1,0,0,7,1,0,0,0
2013,1.356514726,1.49793401,3467,0.0,0.0,1.0,1.0,0.0,0.0,0.0,2,4.0,5.0,5,4,0,0,7,1,1,0,1
2013,1.938624673,2.140730045,68100,0.0,1.0,1.0,1.0,0.0,0.0,0.0,1,3.0,3.0,7,6,0,0,7,1,0,0,0
2013,2.276492889,2.513821677,68100,1.0,1.0,0.0,0.0,0.0,0.0,0.0,1,5.0,3.0,6,4,0,0,7,1,0,0,0
2013,1.459435672,1.611584664,3467,0.0,0.0,1.0,0.0,0.0,0.0,0.0,1,3.0,4.0,4,3,0,0,7,1,0,0,0
2013,3.799193215,4.195266457,33,1.0,0.0,0.0,1.0,0.0,0.0,0.0,1,2.0,4.0,1,3,0,0,7,1,0,0,0
2013,0.3759618801,0.4151566334,68100,0.0,1.0,1.0,1.0,0.0,0.0,0.0,1,6.0,3.0,8,6,0,0,7,1,0,0,0
2013,0.8228182994,0.9085986988,33,0.0,-1.0,-1.0,0.0,0.0,0.0,0.0,1,6.0,1.0,1,8,0,0,7,2,0,0,0
2013,1.852445885,2.045566952,68100,0.0,0.0,1.0,0.0,0.0,0.0,0.0,2,2.0,3.0,7,5,0,0,7,2,0,0,0
2013,1.459435672,1.611584664,3467,0.0,0.0,1.0,0.0,0.0,0.0,0.0,1,3.0,2.0,4,4,0,0,7,1,0,0,0
2013,0.9157129668,1.011177815,68100,1.0,0.0,0.0,1.0,1.0,0.0,0.0,2,4.0,4.0,8,5,0,0,7,1,0,0,0
2013,0.3759618801,0.4151566334,33,1.0,1.0,1.0,0.0,1.0,0.0,0.0,1,6.0,4.0,3,6,0,0,7,1,1,0,1
2013,0.7515334181,0.8298822307,68100,1.0,0.0,1.0,0.0,0.0,0.0,1.0,1,5.0,3.0,8,4,1,0,7,1,0,0,0
2013,0.7445418156,0.8221617401,68100,0.0,-1.0,0.0,0.0,0.0,0.0,0.0,2,6.0,2.0,7,5,0,0,7,1,0,0,0
2013,2.691352909,2.971931656,68100,0.0,1.0,1.0,0.0,0.0,0.0,0.0,2,5.0,3.0,6,3,0,0,7,1,0,0,0
2013,0.7392548043,0.8163235477,3467,1.0,1.0,1.0,0.0,1.0,1.0,0.0,1,4.0,4.0,5,2,0,0,7,1,1,0,1
2013,0.6925648035,0.7647660239,-2,1.0,0.0,1.0,1.0,0.0,0.0,0.0,1,5.0,1.0,-2,2,0,0,7,-2,0,0,0
2013,,0.9377714571,33,0.0,1.0,0.0,-2.0,0.0,0.0,0.0,2,7.0,1.0,2,4,0,0,7,1,0,0,0
2013,1.961387067,2.165865463,3467,1.0,0.0,1.0,1.0,1.0,0.0,0.0,1,2.0,3.0,5,3,0,0,7,4,0,0,0
2013,0.7515334181,0.8298822307,3467,0.0,0.0,1.0,1.0,0.0,0.0,0.0,1,5.0,3.0,5,4,0,0,7,1,0,0,0
2013,1.243268531,1.37288168,-2,0.0,-1.0,1.0,0.0,0.0,0.0,0.0,2,2.0,4.0,-1,4,0,0,7,-2,1,0,1
2013,0.7515334181,0.8298822307,3467,0.0,1.0,0.0,1.0,0.0,0.0,0.0,1,5.0,3.0,5,3,0,0,7,1,0,0,0
2013,1.459435672,1.611584664,3467,0.0,0.0,1.0,1.0,0.0,1.0,0.0,1,3.0,1.0,4,3,0,0,7,1,0,0,0
2013,1.356514726,1.49793401,-2,0.0,0.0,0.0,0.0,0.0,0.0,0.0,2,4.0,-1.0,-2,4,0,0,7,1,0,0,0
2013,0.8954259145,0.9887757982,3467,0.0,0.0,1.0,-1.0,0.0,0.0,0.0,1,5.0,2.0,4,5,0,0,7,1,0,0,0
2013,3.84377743,4.244498662,68100,0.0,1.0,0.0,0.0,0.0,0.0,0.0,2,4.0,4.0,7,6,0,0,7,1,0,0,0
2013,0.9157129668,1.011177815,3467,0.0,0.0,1.0,0.0,0.0,0.0,0.0,2,4.0,5.0,5,3,0,0,7,1,0,0,0
2013,1.652956812,1.825280758,3467,0.0,0.0,0.0,1.0,0.0,0.0,0.0,2,2.0,3.0,4,3,0,0,7,1,0,0,0
2013,0.7515334181,0.8298822307,68100,0.0,0.0,1.0,0.0,0.0,1.0,1.0,1,5.0,2.0,9,3,0,0,7,-2,1,0,1
2013,1.356514726,1.49793401,3467,0.0,1.0,0.0,1.0,0.0,0.0,0.0,2,4.0,4.0,5,4,0,0,7,1,0,0,0
2013,0.8176383491,0.9028787287,3467,0.0,1.0,1.0,0.0,0.0,0.0,0.0,2,5.0,2.0,5,3,1,0,7,1,0,0,0
2013,1.13490245,1.253218226,33,0.0,0.0,0.0,0.0,0.0,0.0,0.0,2,5.0,2.0,3,6,0,0,7,1,0,0,0
2013,1.191552647,1.315774316,3467,0.0,0.0,0.0,1.0,0.0,0.0,0.0,2,5.0,4.0,5,4,0,0,7,1,0,0,0
2013,1.243634309,1.373285592,33,1.0,0.0,0.0,1.0,0.0,1.0,1.0,1,4.0,5.0,2,3,0,0,7,1,1,0,1
2013,0.7392548043,0.8163235477,3467,0.0,0.0,0.0,1.0,0.0,0.0,0.0,1,4.0,4.0,5,3,0,0,7,1,1,1,0
2013,1.191552647,1.315774316,-2,1.0,1.0,0.0,1.0,0.0,0.0,0.0,2,5.0,2.0,-2,3,0,0,7,4,0,0,0
2013,1.243268531,1.37288168,68100,0.0,0.0,0.0,0.0,0.0,0.0,0.0,2,2.0,5.0,6,5,0,0,7,1,0,0,0
2013,,0.8809884373,68100,0.0,0.0,1.0,0.0,0.0,0.0,0.0,2,7.0,1.0,7,6,1,0,7,1,0,0,0
2013,1.356514726,1.49793401,33,0.0,0.0,0.0,0.0,0.0,0.0,0.0,2,4.0,3.0,1,4,0,0,7,1,0,0,0
2013,1.243634309,1.373285592,3467,0.0,1.0,0.0,0.0,0.0,0.0,0.0,1,4.0,2.0,5,6,0,0,7,1,0,0,0
2013,2.763349327,3.05143384,68100,0.0,0.0,1.0,0.0,0.0,0.0,0.0,1,4.0,3.0,6,4,0,0,7,1,0,0,0
2013,1.356514726,1.49793401,68100,1.0,1.0,1.0,0.0,0.0,0.0,0.0,2,4.0,6.0,7,6,1,0,7,1,0,0,0
2013,1.057481483,1.167725974,33,1.0,1.0,0.0,0.0,0.0,0.0,0.0,2,6.0,2.0,2,3,0,0,7,1,0,0,0
2013,0.6575049802,0.7260511462,3467,0.0,-1.0,1.0,0.0,0.0,0.0,0.0,1,6.0,2.0,4,4,0,0,7,1,0,0,0
2013,0.7515334181,0.8298822307,3467,0.0,0.0,1.0,0.0,0.0,0.0,0.0,1,5.0,4.0,5,3,0,0,7,1,0,0,0
2013,0.9583320739,1.058240046,68100,0.0,0.0,0.0,0.0,0.0,0.0,0.0,2,6.0,2.0,7,6,0,0,7,1,0,0,0
2013,,2.610108747,3467,0.0,-1.0,1.0,1.0,0.0,0.0,0.0,2,7.0,2.0,5,5,0,0,7,1,0,0,0
2013,0.9896542883,1.092827662,68100,0.0,0.0,1.0,0.0,0.0,0.0,0.0,1,4.0,4.0,6,5,0,0,7,1,0,0,0
2013,0.6925648035,0.7647660239,68100,0.0,1.0,0.0,1.0,0.0,0.0,0.0,1,5.0,4.0,6,3,1,0,7,1,0,0,0
2013,0.8954259145,0.9887757982,3467,0.0,-1.0,1.0,0.0,0.0,0.0,0.0,1,5.0,3.0,5,3,0,0,7,2,1,0,1
2013,1.6915997,1.867952241,68100,0.0,1.0,1.0,0.0,0.0,0.0,0.0,1,6.0,3.0,6,6,0,0,7,4,1,0,1
2013,0.6925648035,0.7647660239,68100,0.0,1.0,1.0,1.0,0.0,0.0,0.0,1,5.0,4.0,7,6,0,0,7,1,0,0,0
2013,0.6575049802,0.7260511462,68100,1.0,1.0,1.0,1.0,0.0,0.0,0.0,1,6.0,3.0,7,4,0,0,7,1,1,0,1
2013,1.057481483,1.167725974,68100,1.0,1.0,0.0,1.0,0.0,0.0,0.0,2,6.0,2.0,7,4,0,0,7,1,0,0,0
2013,0.8954259145,0.9887757982,3467,1.0,1.0,1.0,1.0,0.0,0.0,0.0,1,5.0,1.0,4,4,1,0,7,1,0,0,0
2013,2.525415802,2.788695284,-2,0.0,-1.0,0.0,0.0,0.0,0.0,0.0,1,2.0,5.0,-1,3,0,0,7,1,0,0,0
2013,0.6925648035,0.7647660239,68100,0.0,1.0,0.0,1.0,0.0,0.0,0.0,1,5.0,3.0,6,6,0,0,7,1,0,0,0
2013,0.8954259145,0.9887757982,68100,0.0,-1.0,0.0,1.0,0.0,0.0,0.0,1,5.0,4.0,9,6,0,0,7,4,0,0,0
2013,0.8954259145,0.9887757982,-2,0.0,1.0,1.0,0.0,-1.0,0.0,0.0,1,5.0,4.0,-2,5,1,0,7,1,0,0,0
2013,1.057481483,1.167725974,68100,0.0,-1.0,1.0,0.0,0.0,0.0,0.0,2,6.0,3.0,8,6,0,0,7,1,0,0,0
2013,0.8176383491,0.9028787287,3467,0.0,1.0,0.0,0.0,0.0,0.0,0.0,2,5.0,3.0,4,4,0,0,7,1,0,0,0
2013,0.8176383491,0.9028787287,68100,0.0,-1.0,0.0,0.0,0.0,0.0,0.0,2,5.0,3.0,6,5,0,0,7,1,0,0,0
2013,1.191552647,1.315774316,-2,0.0,-1.0,0.0,1.0,0.0,0.0,0.0,2,5.0,2.0,-2,5,0,0,7,2,0,0,0
2013,0.7392548043,0.8163235477,3467,1.0,1.0,1.0,0.0,0.0,0.0,0.0,1,4.0,4.0,5,3,1,0,7,1,0,0,0
2013,0.6575049802,0.7260511462,33,1.0,1.0,0.0,1.0,0.0,0.0,0.0,1,6.0,4.0,2,5,0,0,7,1,0,0,0
2013,0.9583320739,1.058240046,33,0.0,-1.0,1.0,0.0,1.0,0.0,0.0,2,6.0,3.0,1,4,0,0,7,1,1,1,0
2013,0.8954259145,0.9887757982,68100,0.0,1.0,1.0,0.0,0.0,0.0,0.0,1,5.0,3.0,7,6,1,0,7,1,0,0,0
2013,1.13490245,1.253218226,68100,0.0,1.0,1.0,0.0,-1.0,0.0,0.0,2,5.0,2.0,6,2,0,0,7,1,0,0,0
2013,0.7515334181,0.8298822307,68100,1.0,0.0,1.0,1.0,0.0,0.0,0.0,1,5.0,2.0,6,3,0,0,7,-2,0,0,0
2013,0.8954259145,0.9887757982,3467,1.0,1.0,1.0,0.0,0.0,1.0,0.0,1,5.0,4.0,4,3,1,0,7,4,0,0,0
2013,0.9157129668,1.011177815,-2,0.0,1.0,0.0,1.0,0.0,0.0,0.0,2,4.0,3.0,-2,5,0,0,7,1,0,0,0
2013,0.8954259145,0.9887757982,33,0.0,0.0,0.0,1.0,0.0,0.0,0.0,1,5.0,2.0,1,2,0,0,7,1,0,0,0
2013,8.077506118,8.919601756,33,0.0,0.0,-1.0,0.0,0.0,0.0,0.0,2,3.0,1.0,3,4,0,0,7,1,0,0,0
2013,0.8954259145,0.9887757982,68100,1.0,1.0,1.0,0.0,1.0,0.0,0.0,1,5.0,3.0,6,2,0,0,7,2,0,0,0
2013,0.7392548043,0.8163235477,33,0.0,1.0,0.0,0.0,0.0,0.0,0.0,1,4.0,2.0,1,3,0,0,7,1,0,0,0
2013,0.7392548043,0.8163235477,3467,1.0,0.0,1.0,0.0,0.0,0.0,0.0,1,4.0,4.0,4,5,1,0,7,1,0,0,0
2014,0.3624875351,0.3698835963,68100,1.0,0.0,1.0,1.0,0.0,0.0,1.0,1,4.0,1.0,9,4,1,0,7,1,1,0,1
2014,0.7712091627,0.7869446284,68100,0.0,1.0,0.0,0.0,0.0,0.0,0.0,2,5.0,3.0,6,4,0,0,7,1,0,0,0
2014,0.8143907708,0.8310072981,3467,1.0,0.0,0.0,0.0,0.0,0.0,0.0,1,6.0,2.0,5,-1,0,0,7,1,0,0,0
2014,,0.4266294603,68100,0.0,-1.0,0.0,0.0,-1.0,0.0,0.0,2,7.0,2.0,6,4,0,0,7,1,0,0,0
2014,1.150465279,1.173938946,3467,1.0,0.0,1.0,0.0,0.0,0.0,0.0,1,4.0,4.0,5,4,0,0,7,1,0,0,0
2014,1.208428342,1.233084666,33,0.0,0.0,0.0,0.0,0.0,0.0,0.0,1,3.0,4.0,2,1,0,0,7,1,0,0,0
2014,0.7712091627,0.7869446284,-2,0.0,0.0,1.0,0.0,0.0,0.0,0.0,2,5.0,2.0,-2,4,1,0,7,1,0,0,0
2014,,0.5631271683,68100,0.0,1.0,1.0,0.0,0.0,0.0,0.0,1,7.0,2.0,6,3,0,0,7,1,0,0,0
2014,,0.5400020792,-2,1.0,-1.0,1.0,0.0,0.0,0.0,0.0,2,7.0,2.0,-2,3,1,0,7,1,0,0,0
2014,0.8603888982,0.8779439542,68100,0.0,1.0,-1.0,1.0,1.0,0.0,0.0,1,5.0,6.0,6,3,1,1,7,1,0,0,0
2014,0.3624875351,0.3698835963,68100,0.0,0.0,1.0,0.0,0.0,0.0,0.0,1,4.0,3.0,9,5,0,0,7,1,0,0,0
2014,4.079750742,4.162992464,3467,1.0,1.0,0.0,0.0,-1.0,0.0,0.0,2,2.0,5.0,5,1,0,0,7,1,1,0,1
2014,,0.5400020792,33,0.0,1.0,0.0,0.0,0.0,0.0,0.0,2,7.0,1.0,1,2,0,0,7,1,0,0,0
2014,,0.8877160205,-2,0.0,1.0,1.0,1.0,0.0,0.0,0.0,1,7.0,2.0,-2,2,0,0,7,1,0,0,0
2014,0.5336686475,0.5445574246,3467,0.0,-1.0,1.0,0.0,1.0,0.0,0.0,2,6.0,4.0,5,1,0,0,7,1,0,0,0
2014,0.8143907708,0.8310072981,68100,0.0,1.0,1.0,0.0,0.0,0.0,0.0,1,6.0,2.0,7,4,0,0,7,1,0,0,0
2014,2.687915787,2.742759024,3467,0.0,1.0,1.0,0.0,1.0,0.0,0.0,1,4.0,2.0,4,3,0,0,7,2,1,0,1
2014,,0.6135525674,-2,0.0,0.0,-1.0,-1.0,0.0,0.0,0.0,1,7.0,2.0,-2,1,0,0,7,1,0,0,0
2014,0.9847274294,1.004819443,-2,0.0,0.0,1.0,-1.0,0.0,0.0,0.0,2,3.0,3.0,-2,3,0,0,7,1,0,0,0
2014,,0.5400020792,-2,0.0,-1.0,1.0,0.0,0.0,0.0,0.0,2,7.0,2.0,-1,1,0,0,7,2,0,0,0
2014,0.6644635847,0.6780210533,68100,0.0,0.0,1.0,0.0,0.0,0.0,1.0,1,5.0,2.0,9,2,0,0,7,1,1,0,1
2014,0.6504954566,0.6637679246,3467,0.0,0.0,0.0,0.0,0.0,0.0,0.0,2,6.0,4.0,5,2,0,0,7,1,0,0,0
2014,0.5336686475,0.5445574246,33,0.0,0.0,0.0,0.0,0.0,0.0,0.0,2,6.0,5.0,3,2,0,0,7,1,0,0,0
2014,2.963927144,3.024402014,68100,1.0,1.0,1.0,0.0,0.0,0.0,0.0,1,4.0,3.0,6,5,0,0,7,1,0,0,0
2014,1.395344308,1.423814396,33,0.0,0.0,-1.0,0.0,0.0,0.0,0.0,1,3.0,3.0,1,-1,0,0,7,1,0,0,0
2014,0.7712091627,0.7869446284,33,0.0,0.0,1.0,1.0,0.0,0.0,0.0,2,5.0,2.0,3,3,0,0,7,1,0,0,0
2014,0.6421663916,0.6552689165,68100,0.0,1.0,1.0,0.0,0.0,0.0,0.0,2,6.0,2.0,6,4,1,0,7,1,0,0,0
2014,0.7712091627,0.7869446284,33,0.0,1.0,1.0,0.0,0.0,0.0,0.0,2,5.0,2.0,3,4,0,0,7,2,0,0,0
2014,,0.5113332957,-2,0.0,1.0,0.0,0.0,0.0,0.0,0.0,2,7.0,2.0,-2,3,0,0,7,1,0,0,0
2014,0.3624875351,0.3698835963,68100,0.0,0.0,1.0,0.0,0.0,0.0,0.0,1,4.0,4.0,7,5,1,0,7,1,0,0,0
2014,1.150465279,1.173938946,33,0.0,0.0,1.0,0.0,0.0,0.0,1.0,1,4.0,1.0,3,2,0,0,7,1,0,0,0
2014,0.6421663916,0.6552689165,68100,0.0,0.0,1.0,0.0,0.0,0.0,0.0,2,6.0,3.0,7,2,0,0,7,1,0,0,0
2014,,0.6135525674,-2,0.0,0.0,1.0,0.0,0.0,0.0,0.0,1,7.0,3.0,-2,5,1,0,7,1,0,0,0
2014,1.93012902,1.969510657,-2,0.0,-1.0,1.0,-1.0,-1.0,0.0,0.0,2,3.0,5.0,-2,-2,0,0,7,-2,0,0,0
2014,0.5784457811,0.5902481743,3467,0.0,0.0,1.0,0.0,0.0,0.0,0.0,2,5.0,2.0,5,3,0,0,7,1,0,0,0
2014,0.5362670245,0.5472088181,33,0.0,0.0,1.0,0.0,0.0,0.0,0.0,1,5.0,2.0,3,2,1,0,7,2,0,0,0
2014,0.6644635847,0.6780210533,33,1.0,1.0,1.0,1.0,0.0,0.0,0.0,1,5.0,3.0,1,1,0,0,7,1,0,0,0
2014,,0.4266294603,-2,0.0,1.0,1.0,0.0,0.0,0.0,0.0,2,7.0,3.0,-1,3,0,0,7,-2,0,0,0
2014,,0.5113332957,-2,1.0,-1.0,1.0,0.0,0.0,0.0,0.0,2,7.0,1.0,-2,-1,0,0,7,1,0,0,0
2014,,0.5113332957,3467,1.0,0.0,1.0,0.0,0.0,0.0,0.0,2,7.0,1.0,5,3,0,0,7,1,0,0,0
2014,0.9847274294,1.004819443,3467,0.0,-1.0,0.0,0.0,0.0,0.0,0.0,2,3.0,2.0,5,4,0,0,7,1,0,0,0
2014,0.518831967,0.5294180221,33,0.0,1.0,-1.0,1.0,0.0,0.0,0.0,1,6.0,1.0,3,5,0,0,7,1,0,0,0
2014,0.943152392,0.9623961237,3467,1.0,0.0,1.0,1.0,0.0,0.0,0.0,2,5.0,2.0,4,1,0,0,7,1,0,0,0
2014,,0.8877160205,68100,0.0,0.0,1.0,0.0,0.0,0.0,0.0,1,7.0,2.0,6,4,0,0,7,1,0,0,0
2014,,0.5113332957,33,0.0,-1.0,0.0,0.0,0.0,0.0,0.0,2,7.0,1.0,2,2,0,0,7,1,0,0,0
2014,2.084886964,2.127426224,33,0.0,0.0,0.0,0.0,1.0,0.0,0.0,1,2.0,5.0,1,1,0,0,7,1,0,0,0
2014,,0.8877160205,68100,1.0,1.0,1.0,0.0,0.0,0.0,0.0,1,7.0,2.0,7,3,1,0,7,1,0,0,0
2014,0.943152392,0.9623961237,33,1.0,1.0,1.0,1.0,0.0,0.0,0.0,2,5.0,5.0,3,3,1,0,7,1,0,0,0
2014,0.3624875351,0.3698835963,68100,1.0,0.0,0.0,0.0,0.0,0.0,0.0,1,4.0,3.0,8,5,0,0,7,4,0,0,0
2014,,0.5119845533,33,0.0,-1.0,0.0,0.0,0.0,0.0,0.0,1,7.0,2.0,1,1,0,0,7,1,0,0,0
2014,,0.5113332957,33,0.0,-1.0,0.0,0.0,0.0,0.0,0.0,2,7.0,1.0,1,2,0,0,7,1,0,0,0
2014,0.9776334157,0.9975806854,3467,1.0,0.0,1.0,0.0,-1.0,0.0,0.0,1,3.0,6.0,4,2,0,0,7,-2,0,0,0
2014,,0.5113332957,68100,0.0,1.0,1.0,0.0,0.0,1.0,0.0,2,7.0,2.0,7,3,0,0,7,1,0,0,0
2014,0.5362670245,0.5472088181,68100,0.0,1.0,0.0,1.0,0.0,0.0,0.0,1,5.0,4.0,6,2,0,0,7,1,0,0,0
2014,,0.5119845533,3467,0.0,1.0,1.0,0.0,0.0,0.0,0.0,1,7.0,2.0,5,3,0,0,7,1,0,0,0
2014,0.7712091627,0.7869446284,33,0.0,0.0,0.0,0.0,0.0,0.0,0.0,2,5.0,1.0,1,-1,0,0,7,1,0,0,0
2014,0.5362670245,0.5472088181,3467,0.0,0.0,0.0,0.0,0.0,0.0,0.0,1,5.0,4.0,5,3,0,0,7,1,0,0,0
2014,0.6974763534,0.7117074023,33,0.0,1.0,0.0,1.0,0.0,0.0,0.0,2,3.0,2.0,1,2,0,0,7,1,0,0,0
2014,,0.6135525674,3467,0.0,1.0,0.0,1.0,0.0,0.0,0.0,1,7.0,2.0,4,2,0,0,7,1,0,0,0
2014,0.6504954566,0.6637679246,33,0.0,0.0,0.0,0.0,0.0,0.0,1.0,2,6.0,1.0,1,1,0,0,7,1,0,0,0
2014,0.6421663916,0.6552689165,3467,0.0,1.0,1.0,0.0,0.0,0.0,0.0,2,6.0,2.0,5,-1,1,0,7,1,0,0,0
2014,0.6504954566,0.6637679246,-2,0.0,1.0,0.0,0.0,0.0,0.0,0.0,2,6.0,2.0,-2,2,0,0,7,1,0,0,0
2014,0.5362670245,0.5472088181,33,1.0,-1.0,1.0,0.0,0.0,0.0,0.0,1,5.0,1.0,2,1,0,0,7,1,0,0,0
2014,,0.5113332957,-2,1.0,0.0,1.0,0.0,0.0,0.0,0.0,2,7.0,2.0,-2,3,0,0,7,1,0,0,0
2014,1.208428342,1.233084666,68100,1.0,1.0,1.0,0.0,0.0,0.0,0.0,1,3.0,4.0,6,2,1,0,7,1,0,0,0
2014,,1.162120253,3467,1.0,1.0,1.0,0.0,1.0,0.0,0.0,2,7.0,3.0,5,4,0,0,7,1,0,0,0
2014,0.8603888982,0.8779439542,33,0.0,0.0,0.0,1.0,0.0,0.0,0.0,1,5.0,6.0,3,3,1,0,7,1,0,0,0
2014,2.880802171,2.939580991,33,0.0,-1.0,0.0,0.0,0.0,0.0,0.0,2,3.0,7.0,1,2,0,0,7,1,0,0,0
2014,0.5362670245,0.5472088181,68100,0.0,0.0,1.0,1.0,1.0,0.0,0.0,1,5.0,5.0,7,3,0,0,7,1,0,0,0
2014,0.5362670245,0.5472088181,33,0.0,0.0,0.0,0.0,0.0,0.0,0.0,1,5.0,1.0,2,-1,0,0,7,1,0,0,0
2014,0.5362670245,0.5472088181,68100,1.0,1.0,1.0,0.0,0.0,0.0,0.0,1,5.0,2.0,8,-1,0,0,7,1,1,0,1
2014,0.7712091627,0.7869446284,33,0.0,0.0,0.0,0.0,0.0,0.0,0.0,2,5.0,2.0,2,2,0,0,7,1,0,0,0
2014,,0.4266294603,3467,0.0,1.0,0.0,0.0,0.0,0.0,0.0,2,7.0,1.0,4,1,0,1,7,1,0,0,0
2014,0.6644635847,0.6780210533,-2,0.0,0.0,1.0,0.0,0.0,0.0,0.0,1,5.0,3.0,-2,4,1,0,7,1,0,0,0
2014,0.6302451349,0.643104423,3467,0.0,0.0,0.0,1.0,0.0,0.0,0.0,1,6.0,2.0,4,-1,0,0,7,1,0,0,0
2014,0.4724773817,0.482117635,33,0.0,1.0,0.0,1.0,0.0,0.0,0.0,2,4.0,7.0,2,2,0,0,7,1,0,0,0
2014,0.6421663916,0.6552689165,3467,0.0,1.0,1.0,0.0,0.0,0.0,0.0,2,6.0,3.0,4,4,0,0,7,1,0,0,0
2014,0.5336686475,0.5445574246,3467,0.0,1.0,0.0,1.0,0.0,0.0,0.0,2,6.0,1.0,4,4,0,0,7,1,0,0,0
2014,0.5336686475,0.5445574246,68100,0.0,1.0,0.0,1.0,0.0,0.0,0.0,2,6.0,2.0,8,5,0,0,7,1,0,0,0
2014,0.518831967,0.5294180221,68100,0.0,1.0,0.0,1.0,0.0,0.0,0.0,1,6.0,2.0,6,5,0,0,7,1,0,0,0
2014,1.335576113,1.362826713,68100,0.0,1.0,1.0,1.0,-1.0,0.0,0.0,1,6.0,1.0,7,5,1,0,7,1,0,0,0
2014,3.113895498,3.177430267,68100,0.0,1.0,1.0,1.0,0.0,0.0,0.0,2,5.0,3.0,6,3,0,0,7,1,0,0,0
2014,1.335576113,1.362826713,3467,1.0,1.0,1.0,0.0,1.0,0.0,1.0,1,6.0,2.0,5,4,0,1,7,-2,1,0,1
2014,0.6504954566,0.6637679246,68100,0.0,0.0,1.0,0.0,0.0,0.0,0.0,2,6.0,2.0,8,3,0,0,7,1,0,0,0
2014,,0.5400020792,33,0.0,0.0,1.0,0.0,0.0,0.0,0.0,2,7.0,1.0,2,2,0,0,7,1,0,0,0
2014,,0.5113332957,33,0.0,0.0,0.0,1.0,0.0,0.0,0.0,2,7.0,2.0,3,3,0,0,7,1,0,0,0
2014,0.8143907708,0.8310072981,68100,0.0,-1.0,0.0,-1.0,0.0,0.0,0.0,1,6.0,1.0,7,4,0,0,7,1,0,0,0
2014,,0.8877160205,33,0.0,0.0,1.0,0.0,0.0,0.0,0.0,1,7.0,1.0,2,-1,0,0,7,1,0,0,0
2014,0.518831967,0.5294180221,33,0.0,0.0,1.0,0.0,0.0,0.0,0.0,1,6.0,2.0,2,1,0,0,7,1,0,0,0
2014,1.335576113,1.362826713,33,0.0,0.0,0.0,1.0,0.0,0.0,0.0,1,6.0,1.0,1,1,0,0,7,1,0,0,0
2014,0.5362670245,0.5472088181,3467,0.0,0.0,1.0,0.0,0.0,0.0,0.0,1,5.0,8.0,5,2,0,0,7,-2,0,0,0
2014,1.335576113,1.362826713,33,0.0,1.0,0.0,0.0,0.0,0.0,0.0,1,6.0,1.0,1,1,0,0,7,1,0,0,0
2014,0.6644635847,0.6780210533,68100,0.0,1.0,1.0,0.0,0.0,0.0,0.0,1,5.0,4.0,7,4,1,0,7,1,0,0,0
2014,0.6504954566,0.6637679246,33,0.0,-1.0,0.0,1.0,0.0,0.0,0.0,2,6.0,1.0,3,4,0,0,7,1,0,0,0
2014,0.5336686475,0.5445574246,33,0.0,0.0,0.0,1.0,0.0,0.0,0.0,2,6.0,1.0,3,4,0,0,7,1,0,0,0
2014,0.8603888982,0.8779439542,68100,1.0,1.0,0.0,0.0,0.0,0.0,0.0,1,5.0,1.0,7,2,0,0,7,1,0,0,0
2014,0.6421663916,0.6552689165,3467,0.0,0.0,1.0,0.0,0.0,0.0,0.0,2,6.0,2.0,4,5,0,0,7,1,0,0,0
2014,0.6421663916,0.6552689165,-2,1.0,1.0,1.0,0.0,1.0,0.0,0.0,2,6.0,4.0,-2,2,0,0,7,1,0,0,0
2014,0.5784457811,0.5902481743,33,0.0,0.0,0.0,0.0,0.0,0.0,0.0,2,5.0,2.0,3,-1,0,0,7,1,0,0,0
2014,2.687915787,2.742759024,68100,0.0,1.0,1.0,0.0,1.0,0.0,1.0,1,4.0,5.0,9,3,0,1,7,4,0,0,0
2014,0.7712091627,0.7869446284,33,0.0,-1.0,0.0,0.0,0.0,0.0,0.0,2,5.0,2.0,2,1,0,0,7,1,0,0,0
2014,1.070804475,1.092652773,33,0.0,1.0,0.0,1.0,0.0,0.0,0.0,2,2.0,3.0,3,2,0,0,7,1,0,0,0
2014,0.9776334157,0.9975806854,3467,0.0,1.0,0.0,1.0,0.0,0.0,0.0,1,3.0,2.0,4,4,0,0,7,1,0,0,0
2014,1.208428342,1.233084666,33,1.0,1.0,1.0,0.0,1.0,0.0,1.0,1,3.0,1.0,1,2,0,0,7,4,1,1,0
2014,0.6644635847,0.6780210533,68100,1.0,-1.0,1.0,1.0,0.0,0.0,0.0,1,5.0,5.0,7,3,0,1,7,1,0,0,0
2014,0.6974763534,0.7117074023,3467,0.0,-1.0,1.0,0.0,0.0,0.0,0.0,2,3.0,4.0,4,2,0,0,7,1,0,0,0
2014,2.375771651,2.424246015,33,-1.0,1.0,1.0,0.0,-1.0,0.0,0.0,2,4.0,-1.0,1,-2,0,0,7,-2,0,0,0
2014,1.828523465,1.865831979,68100,0.0,1.0,1.0,1.0,0.0,0.0,1.0,1,3.0,3.0,6,4,0,0,7,1,0,0,0
2014,0.6974763534,0.7117074023,33,0.0,1.0,0.0,-1.0,1.0,0.0,1.0,2,3.0,2.0,1,2,0,0,7,4,1,1,0
2014,0.7712091627,0.7869446284,33,1.0,1.0,0.0,0.0,0.0,0.0,0.0,2,5.0,1.0,2,5,0,0,7,2,0,0,0
2014,0.6302451349,0.643104423,68100,1.0,-1.0,1.0,0.0,1.0,0.0,0.0,1,6.0,2.0,7,3,1,0,7,1,1,0,1
2014,0.5362670245,0.5472088181,-2,0.0,0.0,1.0,0.0,0.0,0.0,0.0,1,5.0,3.0,-2,-2,0,1,7,-2,0,0,0
2014,1.487333032,1.517680024,3467,1.0,0.0,0.0,0.0,0.0,1.0,0.0,2,2.0,4.0,5,4,0,0,7,1,0,0,0
2014,0.5784457811,0.5902481743,3467,0.0,0.0,0.0,1.0,0.0,0.0,0.0,2,5.0,2.0,4,2,0,0,7,1,0,0,0
2014,1.560231178,1.592065556,68100,1.0,1.0,0.0,0.0,0.0,0.0,0.0,1,2.0,4.0,7,5,0,0,7,1,0,0,0
2014,0.5362670245,0.5472088181,33,1.0,1.0,1.0,0.0,1.0,0.0,0.0,1,5.0,1.0,1,4,0,0,7,1,1,1,0
2014,2.211073051,2.256186966,33,0.0,0.0,1.0,0.0,0.0,0.0,0.0,1,2.0,4.0,2,1,0,0,7,1,0,0,0
2014,0.5362670245,0.5472088181,-2,0.0,0.0,1.0,-1.0,0.0,0.0,0.0,1,5.0,-2.0,-2,-2,0,0,7,-2,0,0,0
2014,0.3624875351,0.3698835963,3467,0.0,-1.0,1.0,0.0,0.0,0.0,0.0,1,4.0,3.0,5,2,0,0,7,1,0,0,0
2014,,0.4266294603,-2,0.0,1.0,1.0,0.0,0.0,0.0,0.0,2,7.0,1.0,-2,-2,0,0,7,-2,0,0,0
2014,1.070804475,1.092652773,3467,0.0,1.0,0.0,1.0,0.0,0.0,0.0,2,2.0,4.0,5,2,0,0,7,1,0,0,0
2014,,0.5631271683,68100,1.0,1.0,1.0,1.0,1.0,1.0,0.0,1,7.0,2.0,6,4,0,0,7,1,0,0,0
2014,0.6302451349,0.643104423,3467,0.0,-1.0,1.0,0.0,0.0,0.0,0.0,1,6.0,2.0,4,2,0,0,7,1,0,0,0
2014,1.395344308,1.423814396,3467,0.0,0.0,0.0,1.0,0.0,0.0,0.0,1,3.0,3.0,5,4,0,0,7,4,0,0,0
2014,0.6974763534,0.7117074023,-2,0.0,0.0,0.0,0.0,0.0,0.0,0.0,2,3.0,1.0,-2,5,0,0,7,1,0,0,0
2014,0.4724773817,0.482117635,3467,0.0,0.0,0.0,-1.0,0.0,0.0,0.0,2,4.0,2.0,4,1,0,0,7,2,0,0,0
2014,0.9776334157,0.9975806854,33,0.0,-1.0,0.0,1.0,0.0,0.0,0.0,1,3.0,1.0,1,4,0,0,7,1,0,0,0
2014,0.943152392,0.9623961237,68100,0.0,0.0,1.0,1.0,0.0,0.0,0.0,2,5.0,5.0,6,3,1,0,7,4,0,0,0
2014,0.6421663916,0.6552689165,3467,1.0,0.0,1.0,1.0,0.0,-1.0,0.0,2,6.0,2.0,5,4,1,0,7,1,0,0,0
2014,0.6421663916,0.6552689165,33,0.0,1.0,0.0,1.0,0.0,0.0,0.0,2,6.0,1.0,3,1,0,0,7,1,0,0,0
2014,0.7712091627,0.7869446284,33,0.0,-1.0,0.0,1.0,-1.0,0.0,0.0,2,5.0,1.0,1,2,0,0,7,1,0,0,0
2014,1.859941963,1.897891529,68100,0.0,1.0,0.0,0.0,0.0,0.0,0.0,1,5.0,4.0,9,2,1,0,7,1,0,0,0
2014,1.906853827,1.945760566,68100,1.0,0.0,1.0,0.0,1.0,0.0,1.0,2,4.0,9.0,6,2,0,1,7,1,0,0,0
2014,2.957706703,3.018054654,3467,0.0,0.0,0.0,0.0,0.0,0.0,0.0,2,4.0,3.0,4,1,0,0,7,1,0,0,0
2014,1.93012902,1.969510657,33,1.0,1.0,1.0,-1.0,1.0,0.0,0.0,2,3.0,2.0,3,4,0,0,7,1,1,0,1
2014,,0.5631271683,-2,1.0,1.0,1.0,0.0,0.0,0.0,0.0,1,7.0,2.0,-2,4,0,0,7,1,0,0,0
2014,0.6302451349,0.643104423,33,0.0,0.0,0.0,1.0,0.0,0.0,0.0,1,6.0,2.0,1,3,0,0,7,2,0,0,0
2014,1.93012902,1.969510657,3467,0.0,1.0,0.0,0.0,0.0,0.0,0.0,2,3.0,5.0,5,1,0,0,7,1,0,0,0
2014,1.906853827,1.945760566,-2,0.0,-1.0,1.0,0.0,0.0,0.0,0.0,2,4.0,2.0,-2,-2,0,0,7,-2,0,0,0
2014,0.4724773817,0.482117635,-2,0.0,0.0,0.0,0.0,0.0,0.0,0.0,2,4.0,-1.0,-1,-1,0,0,7,-2,0,0,0
2014,1.906853827,1.945760566,3467,0.0,0.0,1.0,0.0,0.0,0.0,0.0,2,4.0,4.0,5,2,0,0,7,1,0,0,0
2014,0.5362670245,0.5472088181,3467,0.0,-1.0,1.0,0.0,0.0,0.0,0.0,1,5.0,3.0,5,3,1,0,7,2,0,0,0
2014,1.208428342,1.233084666,3467,1.0,-1.0,1.0,0.0,0.0,0.0,0.0,1,3.0,5.0,5,2,0,0,7,1,0,0,0
2014,1.208428342,1.233084666,-2,0.0,1.0,0.0,1.0,0.0,0.0,0.0,1,3.0,6.0,-1,2,0,0,7,1,0,0,0
2014,2.084886964,2.127426224,3467,0.0,1.0,0.0,0.0,0.0,0.0,0.0,1,2.0,1.0,4,2,0,0,7,1,0,0,0
2015,1.190543604,1.197226509,68100,0.0,0.0,0.0,0.0,0.0,0.0,0.0,1,2.0,5.0,6,3,0,0,7,1,0,0,0
2015,1.190543604,1.197226509,68100,0.0,0.0,0.0,0.0,1.0,0.0,0.0,1,2.0,11.0,9,4,0,0,7,3,0,0,0
2015,1.665665718,1.675015635,33,1.0,1.0,1.0,0.0,0.0,0.0,0.0,1,4.0,2.0,1,3,0,0,7,1,1,0,0
2015,1.190543604,1.197226509,3467,0.0,1.0,1.0,0.0,1.0,0.0,0.0,1,2.0,1.0,4,5,0,0,7,1,1,0,1
2015,1.052797372,1.058707062,68100,0.0,1.0,0.0,0.0,0.0,0.0,0.0,2,4.0,5.0,8,5,0,0,7,2,0,0,0
2015,1.518410325,1.52693365,68100,1.0,0.0,1.0,0.0,0.0,0.0,0.0,1,5.0,5.0,8,4,1,0,7,1,0,0,0
2015,1.190543604,1.197226509,33,1.0,0.0,1.0,1.0,1.0,0.0,0.0,1,2.0,2.0,1,5,0,0,7,1,0,0,0
2015,0.4829026048,0.4856132925,3467,0.0,0.0,0.0,1.0,0.0,0.0,0.0,2,6.0,1.0,4,5,0,0,7,1,0,0,0
2015,1.518410325,1.52693365,68100,0.0,0.0,1.0,1.0,0.0,0.0,0.0,1,5.0,6.0,7,4,0,0,7,1,0,0,0
2015,1.518410325,1.52693365,68100,0.0,1.0,0.0,1.0,0.0,0.0,0.0,1,5.0,5.0,7,6,0,0,7,1,0,0,0
2015,0.6163638754,0.6198237241,3467,0.0,0.0,0.0,1.0,0.0,0.0,0.0,1,6.0,4.0,4,4,0,0,7,2,0,0,0
2015,1.352501572,1.360093599,3467,0.0,1.0,0.0,0.0,0.0,0.0,0.0,2,3.0,1.0,5,5,0,0,7,1,0,0,0
2015,1.383829752,1.391597633,3467,1.0,1.0,1.0,0.0,0.0,0.0,0.0,1,3.0,1.0,4,5,0,0,7,1,1,0,1
2015,0.8175036117,0.8220925224,68100,0.0,1.0,0.0,1.0,0.0,0.0,0.0,2,5.0,2.0,9,5,0,0,7,1,0,0,0
2015,1.518410325,1.52693365,68100,0.0,1.0,0.0,1.0,0.0,0.0,0.0,1,5.0,6.0,7,4,0,0,7,1,0,0,0
2015,0.4829026048,0.4856132925,3467,0.0,1.0,0.0,0.0,0.0,0.0,0.0,2,6.0,5.0,5,6,0,0,7,3,0,0,0
2015,1.352501572,1.360093599,68100,0.0,0.0,1.0,0.0,0.0,0.0,0.0,2,3.0,2.0,9,3,0,0,7,1,0,0,0
2015,,0.608769887,33,0.0,1.0,0.0,1.0,0.0,0.0,0.0,2,7.0,1.0,1,3,0,0,7,1,0,0,0
2015,,0.608769887,-2,0.0,0.0,0.0,1.0,0.0,0.0,0.0,2,7.0,2.0,-2,4,0,0,7,1,0,0,0
2015,0.8175036117,0.8220925224,-2,0.0,0.0,1.0,0.0,0.0,0.0,0.0,2,5.0,2.0,-2,4,0,0,7,1,0,0,0
2015,0.4829026048,0.4856132925,68100,0.0,0.0,1.0,0.0,0.0,0.0,0.0,2,6.0,6.0,7,4,0,0,7,1,0,0,0
2015,,0.7158600419,68100,1.0,0.0,0.0,0.0,0.0,1.0,0.0,1,7.0,2.0,6,3,0,0,7,4,0,0,0
2015,0.4829026048,0.4856132925,68100,1.0,1.0,1.0,1.0,1.0,0.0,0.0,2,6.0,3.0,6,6,0,0,7,1,1,0,1
2015,,0.608769887,3467,0.0,1.0,1.0,0.0,0.0,0.0,0.0,2,7.0,2.0,5,6,0,0,7,1,0,0,0
2015,1.352501572,1.360093599,33,0.0,0.0,0.0,0.0,0.0,0.0,0.0,2,3.0,3.0,1,1,0,0,7,4,0,0,0
2015,0.6163638754,0.6198237241,33,0.0,0.0,0.0,0.0,0.0,0.0,0.0,1,6.0,2.0,3,3,0,0,7,1,0,0,0
2015,1.352501572,1.360093599,68100,1.0,1.0,1.0,0.0,0.0,0.0,0.0,2,3.0,4.0,6,6,1,0,7,1,1,0,0
2015,1.352501572,1.360093599,68100,0.0,0.0,1.0,0.0,0.0,1.0,0.0,2,3.0,2.0,6,5,0,0,7,1,0,0,0
2015,,0.7158600419,33,0.0,0.0,1.0,0.0,0.0,0.0,0.0,1,7.0,2.0,1,3,0,0,7,1,0,0,0
2015,0.4829026048,0.4856132925,3467,1.0,0.0,1.0,0.0,0.0,0.0,0.0,2,6.0,1.0,4,5,1,0,7,1,0,0,0
2015,1.052797372,1.058707062,33,0.0,0.0,0.0,0.0,0.0,0.0,0.0,2,4.0,7.0,3,4,0,0,7,4,0,0,0
2015,1.665665718,1.675015635,68100,1.0,1.0,1.0,0.0,0.0,0.0,0.0,1,4.0,1.0,9,6,1,1,7,1,0,0,0
2015,0.4829026048,0.4856132925,68100,0.0,1.0,1.0,0.0,0.0,0.0,0.0,2,6.0,2.0,6,5,1,0,7,1,0,0,0
2015,0.8175036117,0.8220925224,-2,1.0,1.0,1.0,1.0,0.0,0.0,0.0,2,5.0,4.0,-2,6,0,0,7,1,0,0,0
2015,0.4829026048,0.4856132925,33,0.0,0.0,0.0,0.0,1.0,0.0,0.0,2,6.0,4.0,3,4,0,0,7,2,1,1,0
2015,1.665665718,1.675015635,3467,0.0,0.0,1.0,0.0,0.0,0.0,0.0,1,4.0,3.0,5,3,0,0,7,1,0,0,0
2015,,0.608769887,-2,0.0,0.0,0.0,0.0,0.0,0.0,0.0,2,7.0,3.0,-2,3,0,0,7,-2,0,0,0
2015,0.4829026048,0.4856132925,33,0.0,1.0,0.0,1.0,0.0,0.0,0.0,2,6.0,2.0,2,3,0,0,7,1,0,0,0
2015,0.4829026048,0.4856132925,33,1.0,0.0,0.0,0.0,0.0,0.0,0.0,2,6.0,2.0,1,3,0,0,7,2,0,0,0
2015,1.518410325,1.52693365,3467,0.0,1.0,0.0,1.0,0.0,0.0,0.0,1,5.0,1.0,4,3,0,0,7,1,0,0,0
2015,0.4829026048,0.4856132925,33,0.0,0.0,1.0,0.0,0.0,0.0,0.0,2,6.0,2.0,2,5,0,0,7,1,0,0,0
2015,0.8175036117,0.8220925224,33,0.0,1.0,0.0,0.0,0.0,0.0,0.0,2,5.0,4.0,2,2,0,0,7,1,0,0,0
2015,0.6163638754,0.6198237241,3467,0.0,0.0,1.0,0.0,1.0,0.0,0.0,1,6.0,2.0,5,5,0,0,7,1,0,0,0
2015,0.6163638754,0.6198237241,33,0.0,0.0,1.0,1.0,0.0,0.0,0.0,1,6.0,1.0,3,4,0,0,7,1,0,0,0
2015,1.518410325,1.52693365,33,0.0,1.0,1.0,0.0,0.0,0.0,0.0,1,5.0,1.0,1,2,0,0,7,1,0,0,0
2015,,0.608769887,3467,0.0,0.0,1.0,0.0,0.0,1.0,0.0,2,7.0,1.0,4,4,0,0,7,1,0,0,0
2015,0.4829026048,0.4856132925,3467,0.0,0.0,1.0,0.0,0.0,0.0,0.0,2,6.0,2.0,5,4,0,0,7,1,0,0,0
2015,0.6163638754,0.6198237241,33,0.0,0.0,0.0,0.0,0.0,0.0,1.0,1,6.0,4.0,2,5,0,0,7,1,0,0,0
2015,0.4829026048,0.4856132925,68100,0.0,0.0,1.0,0.0,0.0,0.0,0.0,2,6.0,2.0,7,6,0,0,7,1,0,0,0
2015,0.4829026048,0.4856132925,3467,0.0,1.0,0.0,0.0,0.0,0.0,0.0,2,6.0,2.0,5,5,0,0,7,1,0,0,0
2015,0.6163638754,0.6198237241,3467,0.0,0.0,0.0,0.0,0.0,0.0,0.0,1,6.0,2.0,5,4,0,0,7,1,0,0,0
2015,0.6163638754,0.6198237241,68100,0.0,0.0,1.0,1.0,0.0,0.0,0.0,1,6.0,3.0,6,4,0,0,7,1,0,0,0
2015,1.052797372,1.058707062,68100,1.0,0.0,1.0,0.0,0.0,0.0,1.0,2,4.0,4.0,6,5,0,0,7,1,1,0,0
2015,0.4829026048,0.4856132925,3467,1.0,0.0,1.0,0.0,0.0,0.0,0.0,2,6.0,2.0,5,6,0,0,7,1,0,0,0
2015,0.4829026048,0.4856132925,33,1.0,1.0,0.0,1.0,1.0,0.0,0.0,2,6.0,1.0,1,5,0,0,7,4,0,0,0
2015,1.052797372,1.058707062,68100,0.0,0.0,1.0,0.0,0.0,0.0,0.0,2,4.0,4.0,7,6,1,0,7,1,0,0,0
2015,1.352501572,1.360093599,68100,0.0,0.0,0.0,1.0,0.0,0.0,0.0,2,3.0,4.0,6,4,0,0,7,1,0,0,0
2015,0.8175036117,0.8220925224,68100,1.0,1.0,0.0,0.0,0.0,0.0,0.0,2,5.0,3.0,8,5,0,0,7,1,0,0,0
2016,0.529261872,0.55498662,33,0.0,0.0,1.0,1.0,0.0,0.0,0.0,2,6.0,1.0,3,3,0,0,7,1,0,0,0
2016,,0.8053425472,33,0.0,1.0,0.0,0.0,0.0,0.0,0.0,1,7.0,1.0,1,3,0,0,7,1,0,0,0
2016,,0.664112604,33,0.0,0.0,0.0,1.0,0.0,0.0,0.0,2,7.0,1.0,2,3,0,0,7,1,0,0,0
2016,0.529261872,0.55498662,3467,1.0,0.0,1.0,0.0,1.0,1.0,0.0,2,6.0,2.0,6,6,0,0,7,1,1,0,1
2016,0.529261872,0.55498662,33,0.0,0.0,1.0,0.0,0.0,0.0,0.0,2,6.0,1.0,4,6,0,0,7,1,0,0,0
2016,1.092117899,1.145200238,3467,1.0,1.0,0.0,1.0,0.0,0.0,0.0,1,5.0,2.0,5,4,0,0,7,1,0,0,0
2016,,0.8053425472,33,0.0,1.0,0.0,0.0,0.0,0.0,0.0,1,7.0,2.0,3,5,0,0,7,1,0,0,0
2016,1.329960703,1.394603379,33,0.0,1.0,0.0,0.0,0.0,0.0,0.0,1,6.0,2.0,4,5,0,0,7,1,0,0,0
2016,,0.8053425472,33,1.0,0.0,1.0,1.0,1.0,0.0,0.0,1,7.0,1.0,2,5,0,0,7,1,0,0,0
2016,0.529261872,0.55498662,3467,1.0,1.0,1.0,0.0,0.0,0.0,0.0,2,6.0,3.0,6,6,0,1,7,1,0,0,0
2016,,0.664112604,-2,0.0,0.0,0.0,0.0,0.0,0.0,0.0,2,7.0,2.0,-2,2,0,0,7,1,0,0,0
2016,,0.664112604,33,0.0,1.0,0.0,0.0,0.0,0.0,0.0,2,7.0,2.0,3,3,0,0,7,1,0,0,0
2016,,0.664112604,-2,1.0,1.0,1.0,0.0,0.0,0.0,0.0,2,7.0,1.0,-2,3,0,0,7,1,0,0,0
2016,0.529261872,0.55498662,33,1.0,1.0,1.0,1.0,1.0,0.0,0.0,2,6.0,2.0,4,5,0,1,7,1,1,0,1
2016,0.529261872,0.55498662,68100,0.0,1.0,0.0,1.0,0.0,0.0,0.0,2,6.0,2.0,7,3,1,0,7,1,0,0,0
2016,1.329960703,1.394603379,33,0.0,1.0,1.0,0.0,0.0,0.0,0.0,1,6.0,2.0,3,5,0,0,7,1,1,0,1
2016,1.329960703,1.394603379,3467,0.0,0.0,1.0,0.0,0.0,0.0,0.0,1,6.0,2.0,6,3,1,0,7,1,0,0,0
2016,,0.664112604,-2,1.0,0.0,1.0,0.0,0.0,0.0,0.0,2,7.0,1.0,-2,6,0,0,7,1,0,0,0
2016,0.529261872,0.55498662,33,0.0,1.0,0.0,1.0,0.0,0.0,0.0,2,6.0,2.0,4,4,0,0,7,1,0,0,0
2016,,0.664112604,3467,0.0,1.0,0.0,1.0,0.0,0.0,0.0,2,7.0,2.0,6,5,1,0,7,1,0,0,0
2016,,0.664112604,33,0.0,0.0,0.0,0.0,0.0,0.0,0.0,2,7.0,2.0,3,2,0,0,7,1,0,0,0
2016,,0.8053425472,33,1.0,0.0,1.0,1.0,1.0,0.0,0.0,1,7.0,2.0,2,5,0,0,7,1,1,0,1
2016,1.009633857,1.058707062,33,0.0,0.0,1.0,1.0,0.0,0.0,0.0,2,4.0,5.0,4,4,0,0,7,1,0,0,0
2016,,0.664112604,33,0.0,0.0,0.0,0.0,0.0,0.0,0.0,2,7.0,1.0,1,3,0,0,7,4,0,0,0
2016,1.110648077,1.164631073,33,0.0,0.0,0.0,1.0,0.0,0.0,0.0,2,5.0,2.0,1,2,0,0,7,1,0,0,0
2016,,0.664112604,-2,0.0,1.0,1.0,0.0,0.0,0.0,0.0,2,7.0,4.0,-2,3,0,0,7,1,1,0,1
2016,0.529261872,0.55498662,-2,0.0,1.0,1.0,0.0,0.0,0.0,0.0,2,6.0,2.0,-2,5,0,0,7,1,0,0,0
2016,0.529261872,0.55498662,3467,0.0,0.0,1.0,0.0,0.0,0.0,0.0,2,6.0,2.0,5,5,0,0,7,1,1,1,0
2016,0.529261872,0.55498662,68100,0.0,0.0,0.0,1.0,0.0,0.0,0.0,2,6.0,2.0,8,6,0,0,7,1,0,0,0
2016,0.529261872,0.55498662,-2,0.0,0.0,0.0,0.0,0.0,0.0,0.0,2,6.0,2.0,-2,5,0,0,7,1,0,0,0
2016,,0.8053425472,-2,0.0,0.0,1.0,0.0,0.0,0.0,0.0,1,7.0,3.0,-2,3,0,0,7,1,0,0,0
2016,0.7962565675,0.83495858,-2,1.0,1.0,1.0,0.0,0.0,0.0,0.0,1,3.0,1.0,-2,-2,0,0,7,-2,1,0,1
2016,0.7962565675,0.83495858,33,0.0,0.0,0.0,0.0,0.0,0.0,0.0,1,3.0,4.0,3,3,0,0,7,3,0,0,0
2016,1.110648077,1.164631073,68100,0.0,1.0,1.0,0.0,0.0,0.0,0.0,2,5.0,5.0,9,6,0,0,7,1,0,0,0
2016,,0.8053425472,33,1.0,0.0,1.0,0.0,0.0,0.0,0.0,1,7.0,1.0,1,4,0,0,7,1,0,0,0
2016,1.092117899,1.145200238,3467,0.0,0.0,0.0,1.0,0.0,0.0,0.0,1,5.0,1.0,5,3,0,0,7,1,0,0,0
2016,0.9318022501,0.9770924539,33,0.0,0.0,1.0,0.0,1.0,0.0,0.0,1,4.0,2.0,4,5,0,0,7,1,0,0,0
2016,,0.8053425472,3467,0.0,1.0,1.0,0.0,0.0,0.0,0.0,1,7.0,2.0,5,6,0,0,7,1,0,0,0
2016,1.329960703,1.394603379,-2,0.0,1.0,1.0,0.0,0.0,0.0,0.0,1,6.0,3.0,-2,-2,0,0,7,-2,0,0,0
2016,1.014873465,1.064201341,68100,1.0,1.0,1.0,1.0,0.0,0.0,0.0,1,2.0,3.0,7,4,0,0,7,2,1,0,1
2016,0.7962565675,0.83495858,68100,1.0,1.0,1.0,1.0,0.0,0.0,0.0,1,3.0,5.0,9,6,1,0,7,1,0,0,0
2016,0.9318022501,0.9770924539,68100,1.0,1.0,1.0,0.0,0.0,0.0,0.0,1,4.0,2.0,9,6,0,0,7,1,1,0,1
2016,1.092117899,1.145200238,68100,0.0,0.0,1.0,0.0,0.0,0.0,0.0,1,5.0,4.0,8,3,1,0,7,1,0,0,0
2016,0.7962565675,0.83495858,3467,1.0,0.0,1.0,1.0,1.0,1.0,0.0,1,3.0,1.0,5,2,0,0,7,1,0,0,0
2016,1.092117899,1.145200238,68100,0.0,1.0,1.0,0.0,0.0,0.0,0.0,1,5.0,4.0,9,6,1,0,7,1,0,0,0
2016,1.092117899,1.145200238,3467,0.0,0.0,1.0,0.0,0.0,0.0,0.0,1,5.0,1.0,5,3,0,0,7,1,0,0,0
2016,1.110648077,1.164631073,33,0.0,1.0,0.0,0.0,0.0,0.0,0.0,2,5.0,2.0,4,2,0,0,7,1,0,0,0
2016,1.110648077,1.164631073,-2,1.0,1.0,1.0,0.0,0.0,0.0,0.0,2,5.0,1.0,-2,5,0,0,7,1,0,0,0
2016,1.329960703,1.394603379,33,0.0,0.0,0.0,0.0,0.0,0.0,0.0,1,6.0,2.0,3,1,0,0,7,1,0,0,0
2016,0.529261872,0.55498662,33,0.0,1.0,0.0,1.0,0.0,0.0,0.0,2,6.0,3.0,3,5,0,0,7,1,0,0,0
2016,1.329960703,1.394603379,3467,0.0,0.0,1.0,0.0,0.0,0.0,0.0,1,6.0,2.0,5,5,1,0,7,1,0,0,0
2016,1.014873465,1.064201341,68100,0.0,1.0,0.0,0.0,0.0,0.0,0.0,1,2.0,3.0,7,3,0,0,7,1,0,0,0
2016,1.014873465,1.064201341,3467,1.0,1.0,0.0,1.0,0.0,0.0,0.0,1,2.0,2.0,6,4,0,0,7,1,0,0,0
2016,1.009633857,1.058707062,3467,0.0,0.0,1.0,0.0,0.0,0.0,0.0,2,4.0,5.0,5,4,0,1,7,1,0,0,0
2016,1.092117899,1.145200238,33,0.0,1.0,0.0,0.0,0.0,0.0,0.0,1,5.0,1.0,4,6,0,0,7,1,0,0,0
2016,0.529261872,0.55498662,3467,0.0,0.0,1.0,0.0,0.0,0.0,0.0,2,6.0,2.0,6,4,0,0,7,1,0,0,0
2016,0.529261872,0.55498662,3467,1.0,1.0,1.0,1.0,0.0,0.0,1.0,2,6.0,2.0,6,3,1,0,7,1,0,0,0
2016,0.529261872,0.55498662,3467,0.0,0.0,1.0,0.0,0.0,0.0,1.0,2,6.0,2.0,5,4,1,0,7,1,0,0,0
2016,1.167345468,1.224084239,3467,1.0,0.0,1.0,1.0,0.0,0.0,1.0,2,3.0,4.0,5,2,0,0,7,1,1,0,1
2016,1.167345468,1.224084239,3467,0.0,1.0,1.0,0.0,0.0,0.0,0.0,2,3.0,4.0,6,4,0,0,7,1,0,0,0
2016,1.110648077,1.164631073,68100,0.0,0.0,1.0,1.0,0.0,0.0,0.0,2,5.0,6.0,8,6,0,1,7,1,0,0,0
2016,0.529261872,0.55498662,33,0.0,0.0,0.0,0.0,0.0,0.0,0.0,2,6.0,6.0,3,4,0,0,7,-2,0,0,0
2016,0.529261872,0.55498662,68100,0.0,0.0,0.0,0.0,0.0,0.0,0.0,2,6.0,2.0,7,5,0,0,7,1,0,0,0
2016,0.9318022501,0.9770924539,3467,1.0,0.0,1.0,1.0,0.0,0.0,0.0,1,4.0,4.0,6,5,0,0,7,1,0,0,0
2016,0.529261872,0.55498662,3467,0.0,0.0,1.0,0.0,0.0,0.0,0.0,2,6.0,2.0,5,3,0,0,7,1,0,0,0
2016,0.529261872,0.55498662,3467,0.0,0.0,1.0,0.0,0.0,0.0,0.0,2,6.0,3.0,5,5,0,0,7,1,0,0,0
2016,1.110648077,1.164631073,3467,0.0,1.0,1.0,0.0,0.0,0.0,1.0,2,5.0,3.0,6,5,0,0,7,1,0,0,0
2016,0.9318022501,0.9770924539,68100,0.0,1.0,0.0,1.0,1.0,0.0,0.0,1,4.0,4.0,7,5,0,0,7,1,1,0,1
2016,0.9318022501,0.9770924539,68100,0.0,1.0,1.0,0.0,0.0,0.0,0.0,1,4.0,6.0,7,6,0,0,7,1,0,0,0
2016,1.009633857,1.058707062,68100,1.0,0.0,0.0,1.0,0.0,0.0,0.0,2,4.0,5.0,7,6,1,0,7,-2,0,0,0
2016,0.7962565675,0.83495858,33,1.0,1.0,0.0,1.0,0.0,0.0,0.0,1,3.0,1.0,4,5,0,0,7,-2,0,0,0
2016,1.009633857,1.058707062,3467,0.0,0.0,1.0,1.0,0.0,0.0,0.0,2,4.0,3.0,5,3,0,0,7,1,0,0,0
2016,1.167345468,1.224084239,3467,1.0,1.0,0.0,0.0,0.0,0.0,0.0,2,3.0,4.0,5,3,0,0,7,1,0,0,0
2016,0.7962565675,0.83495858,3467,1.0,1.0,0.0,1.0,0.0,0.0,1.0,1,3.0,2.0,5,5,0,0,7,1,0,0,0
2016,1.167345468,1.224084239,33,1.0,1.0,1.0,0.0,0.0,0.0,0.0,2,3.0,1.0,3,5,0,1,7,1,0,0,0
2016,1.009633857,1.058707062,3467,0.0,0.0,1.0,1.0,0.0,0.0,0.0,2,4.0,6.0,6,6,0,0,7,1,0,0,0
2016,1.009633857,1.058707062,68100,0.0,1.0,0.0,0.0,0.0,0.0,0.0,2,4.0,4.0,8,4,0,0,7,1,0,0,0
2016,1.167345468,1.224084239,3467,0.0,1.0,0.0,0.0,0.0,0.0,0.0,2,3.0,2.0,6,5,0,0,7,1,0,0,0
2016,0.7962565675,0.83495858,3467,1.0,0.0,1.0,0.0,0.0,0.0,0.0,1,3.0,1.0,6,5,0,0,7,1,0,0,0
2016,1.752976867,1.838180224,3467,0.0,1.0,0.0,1.0,0.0,0.0,0.0,2,2.0,3.0,5,5,0,0,7,3,0,0,0
2016,0.9318022501,0.9770924539,68100,0.0,0.0,1.0,1.0,0.0,0.0,0.0,1,4.0,5.0,7,6,1,0,7,1,0,0,0
2016,1.752976867,1.838180224,33,0.0,1.0,0.0,0.0,0.0,0.0,0.0,2,2.0,1.0,2,3,0,0,7,3,0,0,0
2016,1.014873465,1.064201341,33,0.0,1.0,0.0,0.0,0.0,0.0,0.0,1,2.0,2.0,1,4,0,0,7,3,0,0,0
2016,0.7962565675,0.83495858,68100,0.0,1.0,1.0,0.0,1.0,0.0,0.0,1,3.0,4.0,8,5,0,0,7,1,0,0,0
2016,1.110648077,1.164631073,-2,0.0,0.0,1.0,1.0,0.0,0.0,0.0,2,5.0,2.0,-2,6,0,0,7,1,0,0,0
2016,0.7962565675,0.83495858,3467,0.0,1.0,0.0,0.0,0.0,0.0,0.0,1,3.0,6.0,5,5,0,0,7,2,0,0,0
2016,0.9318022501,0.9770924539,68100,0.0,1.0,1.0,1.0,0.0,0.0,0.0,1,4.0,5.0,7,5,1,0,7,1,0,0,0
2016,1.752976867,1.838180224,33,0.0,0.0,0.0,1.0,0.0,0.0,0.0,2,2.0,1.0,2,4,0,0,7,2,0,0,0
2016,1.167345468,1.224084239,68100,1.0,1.0,0.0,1.0,1.0,0.0,1.0,2,3.0,1.0,7,5,0,0,7,2,0,0,0
2016,0.7962565675,0.83495858,3467,0.0,0.0,1.0,0.0,1.0,0.0,0.0,1,3.0,3.0,6,6,0,0,7,1,1,0,1
2016,1.009633857,1.058707062,3467,0.0,1.0,0.0,0.0,0.0,0.0,0.0,2,4.0,4.0,6,6,0,0,7,1,0,0,0
2016,1.752976867,1.838180224,33,1.0,1.0,1.0,0.0,0.0,0.0,0.0,2,2.0,3.0,3,4,0,0,7,2,1,0,1
2016,1.009633857,1.058707062,68100,1.0,1.0,1.0,0.0,0.0,0.0,0.0,2,4.0,3.0,7,4,0,0,7,1,0,0,0
2016,0.9318022501,0.9770924539,68100,1.0,1.0,1.0,0.0,0.0,0.0,0.0,1,4.0,2.0,7,5,0,0,7,1,0,0,0
2016,1.167345468,1.224084239,68100,0.0,0.0,0.0,1.0,0.0,0.0,0.0,2,3.0,2.0,7,6,0,0,7,1,0,0,0
2016,1.092117899,1.145200238,33,0.0,0.0,1.0,0.0,0.0,0.0,0.0,1,5.0,2.0,4,4,0,0,7,1,0,0,0
2016,0.7962565675,0.83495858,33,0.0,1.0,1.0,0.0,0.0,0.0,0.0,1,3.0,3.0,4,1,0,0,7,1,1,0,1
2016,1.009633857,1.058707062,3467,0.0,1.0,0.0,0.0,0.0,0.0,1.0,2,4.0,4.0,5,6,0,0,7,1,0,0,0
2016,0.9318022501,0.9770924539,33,1.0,0.0,1.0,1.0,0.0,1.0,0.0,1,4.0,1.0,1,4,0,0,7,1,1,0,0
2016,0.7962565675,0.83495858,33,0.0,0.0,0.0,1.0,0.0,0.0,0.0,1,3.0,2.0,4,3,0,0,7,1,0,0,0
2016,1.092117899,1.145200238,68100,0.0,0.0,1.0,1.0,0.0,0.0,0.0,1,5.0,5.0,7,5,0,1,7,1,0,0,0
2016,1.009633857,1.058707062,33,0.0,0.0,1.0,0.0,0.0,0.0,0.0,2,4.0,1.0,1,3,0,0,7,3,0,0,0
2016,1.110648077,1.164631073,68100,0.0,0.0,1.0,1.0,0.0,1.0,0.0,2,5.0,4.0,8,6,0,0,7,1,0,0,0
2016,0.7962565675,0.83495858,33,0.0,1.0,1.0,1.0,0.0,0.0,0.0,1,3.0,1.0,4,5,0,1,7,1,0,0,0
2016,0.9318022501,0.9770924539,33,1.0,1.0,1.0,0.0,0.0,0.0,0.0,1,4.0,4.0,4,3,1,0,7,1,0,0,0
2016,1.014873465,1.064201341,3467,0.0,0.0,1.0,0.0,0.0,0.0,0.0,1,2.0,3.0,5,3,0,0,7,2,0,0,0
2016,1.014873465,1.064201341,33,0.0,1.0,1.0,0.0,1.0,0.0,1.0,1,2.0,2.0,4,5,0,0,7,1,0,0,0
2016,1.092117899,1.145200238,33,1.0,0.0,1.0,1.0,1.0,0.0,0.0,1,5.0,2.0,1,5,0,0,7,1,1,0,1
2016,1.092117899,1.145200238,33,0.0,1.0,0.0,1.0,0.0,0.0,0.0,1,5.0,1.0,4,5,0,0,7,3,0,0,0
2016,1.014873465,1.064201341,33,0.0,1.0,0.0,0.0,0.0,0.0,0.0,1,2.0,1.0,2,4,0,0,7,1,0,0,0
2016,0.9318022501,0.9770924539,68100,0.0,1.0,1.0,0.0,0.0,0.0,0.0,1,4.0,5.0,8,5,0,1,7,1,0,0,0
2016,1.110648077,1.164631073,3467,1.0,0.0,1.0,0.0,0.0,0.0,0.0,2,5.0,4.0,6,5,0,0,7,1,0,0,0
2016,1.167345468,1.224084239,3467,0.0,1.0,1.0,0.0,0.0,0.0,0.0,2,3.0,1.0,5,6,0,0,7,1,0,0,0
2016,1.167345468,1.224084239,68100,0.0,1.0,1.0,1.0,0.0,0.0,1.0,2,3.0,3.0,7,6,0,0,7,3,0,0,0
2016,1.014873465,1.064201341,3467,1.0,1.0,0.0,0.0,0.0,0.0,0.0,1,2.0,5.0,5,3,0,0,7,1,0,0,0
2016,1.752976867,1.838180224,33,1.0,0.0,0.0,1.0,0.0,0.0,0.0,2,2.0,4.0,3,5,0,0,7,1,0,0,0
2017,0.6990004161,0.7063466073,68100,0.0,1.0,1.0,0.0,0.0,0.0,0.0,2,6.0,3.0,7,3,0,0,7,1,0,0,0
2017,0.6990004161,0.7063466073,68100,1.0,1.0,1.0,0.0,0.0,0.0,1.0,2,6.0,2.0,9,5,1,0,7,1,0,0,0
2017,,0.9740318192,3467,0.0,0.0,0.0,0.0,0.0,0.0,0.0,2,7.0,2.0,5,3,0,0,7,1,0,0,0
2017,0.9066318823,0.9161601903,-2,0.0,1.0,0.0,0.0,1.0,0.0,0.0,1,5.0,2.0,-2,6,0,0,7,1,0,0,0
2017,0.9066318823,0.9161601903,33,1.0,1.0,1.0,0.0,0.0,0.0,0.0,1,5.0,4.0,4,5,0,0,7,1,1,1,0
2017,0.8972988441,0.9067290659,33,0.0,1.0,0.0,0.0,0.0,0.0,0.0,2,3.0,4.0,2,4,0,0,7,1,0,0,0
2017,1.289240579,1.302789939,68100,0.0,1.0,1.0,0.0,1.0,1.0,0.0,1,4.0,1.0,7,5,1,0,7,2,0,0,0
2017,1.844029764,1.863409717,3467,1.0,0.0,1.0,0.0,0.0,0.0,0.0,2,5.0,2.0,6,3,1,0,7,1,0,0,0
2017,0.9200660906,0.9297355862,3467,0.0,1.0,0.0,0.0,0.0,0.0,0.0,1,6.0,2.0,5,5,0,0,7,1,0,0,0
2017,0.6990004161,0.7063466073,68100,0.0,1.0,1.0,0.0,0.0,0.0,0.0,2,6.0,2.0,7,5,1,0,7,1,0,0,0
2017,0.6990004161,0.7063466073,33,0.0,0.0,0.0,0.0,0.0,0.0,0.0,2,6.0,1.0,4,5,0,0,7,1,0,0,0
2017,0.9066318823,0.9161601903,33,0.0,0.0,1.0,0.0,0.0,0.0,0.0,1,5.0,2.0,3,4,0,0,7,1,0,0,0
2017,,0.7158600419,33,0.0,1.0,0.0,0.0,0.0,0.0,0.0,1,7.0,2.0,1,4,0,0,7,1,0,0,0
2017,0.9200660906,0.9297355862,33,0.0,0.0,0.0,0.0,0.0,0.0,0.0,1,6.0,2.0,1,1,0,0,7,1,0,0,0
2017,0.9200660906,0.9297355862,33,0.0,1.0,0.0,1.0,0.0,0.0,0.0,1,6.0,1.0,1,3,0,0,7,1,0,0,0
2017,,0.7158600419,33,0.0,0.0,1.0,0.0,0.0,0.0,0.0,1,7.0,1.0,2,5,0,0,7,1,0,0,0
2017,0.9066318823,0.9161601903,68100,0.0,0.0,1.0,1.0,0.0,0.0,0.0,1,5.0,8.0,8,6,0,0,7,1,0,0,0
2017,0.9066318823,0.9161601903,3467,0.0,1.0,1.0,1.0,1.0,0.0,0.0,1,5.0,4.0,5,5,0,0,7,2,1,0,1
2017,0.6990004161,0.7063466073,3467,0.0,1.0,0.0,1.0,0.0,0.0,0.0,2,6.0,1.0,5,6,0,0,7,1,0,0,0
2017,1.097586526,1.109121684,3467,1.0,1.0,1.0,1.0,0.0,0.0,0.0,2,4.0,4.0,5,4,0,0,7,1,0,0,0
2017,,0.7158600419,68100,1.0,1.0,1.0,0.0,0.0,0.0,0.0,1,7.0,2.0,8,6,1,0,7,1,0,0,0
2017,0.9066318823,0.9161601903,3467,0.0,1.0,1.0,0.0,0.0,0.0,0.0,1,5.0,4.0,6,4,0,0,7,1,0,0,0
2017,,0.7158600419,3467,1.0,1.0,1.0,0.0,0.0,0.0,0.0,1,7.0,2.0,5,3,0,0,7,1,0,0,0
2017,0.6990004161,0.7063466073,3467,0.0,0.0,0.0,0.0,0.0,0.0,0.0,2,6.0,3.0,5,5,0,0,7,1,0,0,0
2017,0.9200660906,0.9297355862,33,0.0,1.0,1.0,0.0,0.0,0.0,0.0,1,6.0,1.0,3,4,1,0,7,1,0,0,0
2017,0.6990004161,0.7063466073,3467,1.0,1.0,0.0,1.0,0.0,0.0,0.0,2,6.0,3.0,6,5,0,0,7,1,0,0,0
2017,0.6990004161,0.7063466073,33,0.0,1.0,0.0,0.0,0.0,0.0,0.0,2,6.0,1.0,2,5,0,0,7,1,0,0,0
2017,,0.9740318192,-2,0.0,1.0,1.0,0.0,0.0,0.0,0.0,2,7.0,2.0,-2,4,0,0,7,1,0,0,0
2017,1.844029764,1.863409717,68100,1.0,0.0,0.0,0.0,0.0,0.0,0.0,2,5.0,4.0,7,5,0,0,7,1,0,0,0
2017,,0.9740318192,-2,0.0,1.0,1.0,0.0,0.0,0.0,0.0,2,7.0,2.0,-2,3,0,0,7,1,0,0,0
2017,1.844029764,1.863409717,3467,0.0,1.0,1.0,0.0,0.0,0.0,0.0,2,5.0,2.0,5,6,0,0,7,1,0,0,0
2017,,0.9740318192,33,0.0,1.0,0.0,0.0,0.0,0.0,0.0,2,7.0,1.0,4,6,0,0,7,1,0,0,0
2017,1.289240579,1.302789939,33,0.0,1.0,1.0,0.0,0.0,0.0,0.0,1,4.0,4.0,4,3,0,0,7,1,0,0,0
2017,,0.7158600419,33,0.0,1.0,0.0,0.0,0.0,0.0,0.0,1,7.0,1.0,3,3,0,0,7,1,0,0,0
2017,0.6885623252,0.6957988166,3467,1.0,1.0,1.0,1.0,1.0,0.0,0.0,1,3.0,2.0,5,4,0,0,7,1,0,0,0
2017,0.8662203161,0.875323916,3467,1.0,1.0,0.0,0.0,0.0,0.0,0.0,2,2.0,4.0,5,3,0,0,7,2,0,0,0
2017,0.8662203161,0.875323916,3467,0.0,1.0,0.0,1.0,0.0,0.0,0.0,2,2.0,4.0,5,5,0,0,7,4,0,0,0
2017,0.8662203161,0.875323916,68100,0.0,1.0,1.0,0.0,0.0,0.0,0.0,2,2.0,6.0,7,5,0,0,7,1,0,0,0
2017,0.9200660906,0.9297355862,33,0.0,1.0,0.0,1.0,0.0,0.0,0.0,1,6.0,2.0,4,4,0,0,7,1,0,0,0
2017,0.9200660906,0.9297355862,3467,1.0,0.0,1.0,0.0,0.0,0.0,0.0,1,6.0,2.0,6,4,0,0,7,1,0,0,0
2017,0.8972988441,0.9067290659,33,0.0,1.0,0.0,0.0,0.0,0.0,0.0,2,3.0,3.0,3,5,0,0,7,1,0,0,0
2017,0.6990004161,0.7063466073,33,0.0,1.0,1.0,0.0,0.0,0.0,0.0,2,6.0,1.0,1,6,0,0,7,1,0,0,0
2017,0.9066318823,0.9161601903,68100,1.0,1.0,1.0,1.0,1.0,0.0,0.0,1,5.0,4.0,7,5,0,0,7,1,0,0,0
2017,0.6885623252,0.6957988166,3467,0.0,0.0,1.0,1.0,1.0,0.0,0.0,1,3.0,4.0,6,5,0,0,7,1,0,0,0
2017,1.097586526,1.109121684,3467,0.0,0.0,0.0,0.0,0.0,0.0,0.0,2,4.0,6.0,5,2,0,0,7,1,0,0,0
2017,1.053133366,1.064201341,3467,0.0,1.0,0.0,1.0,1.0,0.0,0.0,1,2.0,2.0,6,3,0,0,7,2,0,0,0
2017,0.8972988441,0.9067290659,3467,0.0,0.0,1.0,0.0,0.0,0.0,0.0,2,3.0,4.0,6,4,0,0,7,1,0,0,0
2017,1.053133366,1.064201341,3467,0.0,1.0,1.0,0.0,0.0,0.0,0.0,1,2.0,4.0,6,5,0,0,7,2,0,0,0
2017,1.289240579,1.302789939,68100,0.0,1.0,1.0,0.0,0.0,0.0,0.0,1,4.0,5.0,8,6,0,0,7,1,0,0,0
2017,0.6885623252,0.6957988166,3467,0.0,0.0,1.0,0.0,1.0,0.0,0.0,1,3.0,3.0,6,3,1,0,7,1,0,0,0
2017,1.289240579,1.302789939,68100,0.0,1.0,0.0,1.0,0.0,0.0,0.0,1,4.0,8.0,8,5,0,1,7,3,0,0,0
2017,1.289240579,1.302789939,3467,0.0,1.0,1.0,1.0,0.0,0.0,0.0,1,4.0,5.0,6,5,0,0,7,1,0,0,0
2017,0.6885623252,0.6957988166,3467,1.0,0.0,1.0,0.0,0.0,0.0,0.0,1,3.0,3.0,5,4,0,0,7,1,0,0,0
2017,0.6885623252,0.6957988166,3467,0.0,1.0,1.0,1.0,0.0,0.0,0.0,1,3.0,2.0,5,6,0,0,7,1,0,0,0
2017,1.053133366,1.064201341,68100,0.0,1.0,0.0,1.0,0.0,0.0,0.0,1,2.0,5.0,7,3,0,0,7,1,0,0,0
2017,0.6885623252,0.6957988166,33,0.0,1.0,1.0,1.0,0.0,0.0,0.0,1,3.0,1.0,3,4,0,0,7,1,0,0,0
2017,1.053133366,1.064201341,-2,0.0,1.0,0.0,1.0,1.0,0.0,0.0,1,2.0,6.0,-2,3,0,0,7,1,1,0,1
2017,0.8662203161,0.875323916,33,1.0,1.0,0.0,0.0,0.0,0.0,0.0,2,2.0,1.0,1,5,0,0,7,1,0,0,0
2017,1.097586526,1.109121684,68100,0.0,0.0,0.0,1.0,0.0,0.0,0.0,2,4.0,3.0,8,5,0,0,7,1,0,0,0
2017,0.6885623252,0.6957988166,3467,0.0,1.0,1.0,1.0,1.0,0.0,0.0,1,3.0,4.0,5,5,0,0,7,1,0,0,0
2017,0.9200660906,0.9297355862,33,0.0,0.0,0.0,0.0,0.0,0.0,0.0,1,6.0,1.0,2,3,0,0,7,1,0,0,0
2017,0.9066318823,0.9161601903,3467,1.0,1.0,1.0,1.0,0.0,0.0,1.0,1,5.0,4.0,6,5,0,0,7,1,0,0,0
2017,0.9066318823,0.9161601903,68100,0.0,1.0,0.0,0.0,1.0,0.0,0.0,1,5.0,1.0,8,5,0,0,7,2,1,0,1
2017,1.289240579,1.302789939,68100,0.0,0.0,0.0,0.0,0.0,0.0,0.0,1,4.0,4.0,7,4,0,0,7,-2,0,0,0
2017,1.844029764,1.863409717,68100,0.0,1.0,1.0,1.0,0.0,0.0,0.0,2,5.0,4.0,8,5,0,0,7,1,0,0,0
2017,0.9066318823,0.9161601903,68100,0.0,0.0,1.0,0.0,0.0,0.0,0.0,1,5.0,2.0,7,3,0,0,7,1,0,0,0
2017,1.844029764,1.863409717,-2,1.0,0.0,0.0,1.0,0.0,0.0,0.0,2,5.0,4.0,-2,5,0,0,7,1,1,0,1
2017,1.097586526,1.109121684,33,0.0,0.0,0.0,0.0,0.0,0.0,0.0,2,4.0,1.0,2,4,0,0,7,1,0,0,0
2017,0.8662203161,0.875323916,3467,0.0,1.0,0.0,0.0,0.0,0.0,0.0,2,2.0,3.0,5,4,0,0,7,4,0,0,0
2017,1.097586526,1.109121684,3467,0.0,1.0,0.0,1.0,0.0,0.0,0.0,2,4.0,3.0,5,6,0,0,7,1,0,0,0
2017,0.8972988441,0.9067290659,3467,0.0,1.0,0.0,0.0,0.0,0.0,0.0,2,3.0,1.0,5,6,0,0,7,1,0,0,0
2017,0.6885623252,0.6957988166,68100,0.0,1.0,1.0,0.0,0.0,0.0,0.0,1,3.0,2.0,8,5,0,0,7,1,0,0,0
2017,0.8662203161,0.875323916,33,0.0,0.0,0.0,0.0,0.0,0.0,0.0,2,2.0,5.0,4,3,0,0,7,1,0,0,0
2017,0.8662203161,0.875323916,33,0.0,1.0,0.0,0.0,0.0,0.0,0.0,2,2.0,5.0,2,5,0,0,7,2,0,0,0
2017,0.6885623252,0.6957988166,3467,0.0,0.0,0.0,1.0,0.0,0.0,0.0,1,3.0,4.0,6,6,0,0,7,1,0,0,0
2017,0.8972988441,0.9067290659,33,0.0,0.0,1.0,1.0,0.0,0.0,0.0,2,3.0,1.0,4,5,0,0,7,1,0,0,0
2017,0.6885623252,0.6957988166,33,1.0,1.0,1.0,0.0,0.0,0.0,0.0,1,3.0,1.0,1,5,0,0,7,4,1,0,1
2017,0.6885623252,0.6957988166,3467,1.0,1.0,1.0,0.0,1.0,1.0,1.0,1,3.0,1.0,6,5,0,0,7,1,1,0,1
2017,1.053133366,1.064201341,68100,0.0,1.0,1.0,0.0,1.0,0.0,0.0,1,2.0,4.0,7,4,0,0,7,2,1,0,1
2017,0.8972988441,0.9067290659,3467,0.0,1.0,1.0,0.0,0.0,0.0,0.0,2,3.0,5.0,6,5,0,0,7,1,0,0,0
2017,1.053133366,1.064201341,68100,1.0,1.0,1.0,0.0,1.0,0.0,0.0,1,2.0,6.0,7,5,0,0,7,1,1,0,1
